index,title,research_type,result_outcome,affiliation,problem_description,goal/objective,research_method,research_question,hypothesis,prediction,contribution,pseudocode,open_source_code,open_experiment_code,train,validation,test,results,hardware_specification,software_dependencies,third_party_citation,experiment_setup,evaluation_criteria,authors,link,comments,conference
1,A Generative Model for Recognizing Mixed Group Activities in Still Images,E,1,0,1,0,0,0,0,0,1,1,0,0,1,1,0,0,0,0,0,1,1,"Zheng Zhou, Kan Li, Xiangjian He and Mengmeng Li",http://www.ijcai.org/Proceedings/16/Papers/514.pdf,,IJCAI 16
2,Proving the Incompatibility of Efficiency and Strategyproofness via SMT Solving,T,1,0,0,0,0,0,0,0,0,,,,,,,,,,,,,"Florian Brandl, Felix Brandt and Christian Geist",http://www.ijcai.org/Proceedings/16/Papers/024.pdf,,IJCAI 16
3,Efficiently Finding Conceptual Clustering Models with Integer Linear Programming,E,1,0,1,0,0,1,0,0,1,1,0,0,,,1,0,1,0,1,1,1,"Abdelkader Ouali, Samir Loudni, Yahia Lebbah, Patrice Boizumault, Albrecht Zimmermann and Lakhdar Loukil",http://www.ijcai.org/Proceedings/16/Papers/098.pdf,,IJCAI 16
4,Natural Supervised Hashing,E,1,0,0,0,0,0,0,0,1,0,0,0,1,0,1,0,1,0,1,1,1,Qi Liu and Hongtao Lu,http://www.ijcai.org/Proceedings/16/Papers/256.pdf,,IJCAI 16
5,Learning Compact Visual Representation with Canonical Views for Robust Mobile Landmark Search,E,1,0,0,0,0,0,0,0,1,0,0,0,1,0,0,0,0,0,1,1,1,"Lei Zhu, Jialie Shen, Xiaobai Liu and Liang Xie",http://www.ijcai.org/Proceedings/16/Papers/557.pdf,,IJCAI 16
6,Dynamic Task Allocation Algorithm for Hiring Workers that Learn,E,1,0,0,1,0,0,0,0,1,0,0,0,0,0,0,0,0,0,0,1,1,"Shengying Pan, Kate Larson, Josh Bradshaw and Edith Law",http://www.ijcai.org/Proceedings/16/Papers/538.pdf,,IJCAI 16
7,A Unifying Framework for Learning Bag Labels from Generalized Multiple-Instance Data,E,1,0,1,0,1,1,1,0,0,0,0,0,1,1,0,1,0,0,0,1,1,"Gary Doran, Andrew Latham and Soumya Ray",http://www.ijcai.org/Proceedings/16/Papers/205.pdf,,IJCAI 16
8,Multi-grained Role Labeling Based on Multi-modality Information for Real Customer Service Telephone Conversation,E,1,0,1,0,0,0,0,0,1,1,0,0,0,0,0,0,0,0,0,0,1,"Weizhi Ma, Min Zhang, Yiqun Liu and Shaoping Ma",http://www.ijcai.org/Proceedings/16/Papers/260.pdf,,IJCAI 16
9,Change Detection using Directional Statistics,E,1,2,1,0,0,0,0,0,1,1,0,0,0,0,0,0,0,0,0,1,1,"Tsuyoshi Idé, Dzung T. Phan, Jayant Kalagnanam",http://www.ijcai.org/Proceedings/16/Papers/231.pdf,,IJCAI 16
10,Modeling Contagious Merger and Acquisition via Point Processes with a Profile Regression Prior,E,1,1,1,0,0,0,0,0,1,1,0,0,1,0,0,0,0,0,0,1,1,"Junchi Yan, Shuai Xiao, Changsheng Li, Bo Jin, Xiangfeng Wang, Bin Ke, Xiaokang Yang, Hongyuan Zha",http://www.ijcai.org/Proceedings/16/Papers/382.pdf,,IJCAI 16
11,Recurrent Neural Network for Text Classification with Multi-Task Learning,E,1,0,0,0,0,0,0,0,1,1,0,0,1,1,1,0,0,0,1,1,1,"Pengfei Liu, Xipeng Qiu, Xuanjing Huang",http://www.ijcai.org/Proceedings/16/Papers/408.pdf,,IJCAI 16
12,Nash equilibria and their elimination in resource games,T,1,0,0,0,0,0,0,0,1,,,,,,,,,,,,,Nicolas Troquard,http://www.ijcai.org/Proceedings/16/Papers/078.pdf,,IJCAI 16
13,Constructive Preference Elicitation by Setwise Max-margin Learning,E,1,0,0,0,0,0,0,0,0,1,0,0,0,0,0,0,1,1,0,1,1,"Stefano Teso, Andrea Passerini and Paolo Viappiani",http://www.ijcai.org/Proceedings/16/Papers/295.pdf,,IJCAI 16
14,Canonical Orderings on Grids,E,1,0,0,0,0,0,0,0,1,1,0,0,,,1,0,1,0,0,1,1,"Nathan R. Sturtevant, Steve Rabin",http://www.ijcai.org/Proceedings/16/Papers/103.pdf,,IJCAI 16
15,External Memory Bidirectional Search,E,1,1,1,1,0,1,0,0,1,1,0,0,,,0,0,1,0,0,1,1,Nathan Sturtevant and Jingwei Chen,http://www.ijcai.org/Proceedings/16/Papers/102.pdf,,IJCAI 16
16,On modeling and predicting individual paper citation count over time,E,1,1,1,1,0,1,0,0,1,0,0,0,1,0,0,0,0,0,0,0,1,"Shuai Xiao, Junchi Yan, Changsheng Li, Bo Jin, Xiangfeng Wang, Hongyuan Zha and Xiaokang Yang",http://www.ijcai.org/Proceedings/16/Papers/380.pdf,,IJCAI 16
17,On the impact of modal depth in epistemic planning,T,1,1,1,0,0,1,0,0,1,,,,,,,,,,,,,"Tristan Charrier, Bastien Maubert and Francois Schwarzentruber",http://www.ijcai.org/Proceedings/16/Papers/150.pdf,,IJCAI 16
18,Heuristics and Really Hard Instances for Subgraph Isomorphism Problems,E,1,0,0,0,0,0,0,0,0,0,0,0,,,0,0,1,1,1,1,1,"Ciaran McCreesh, James Trimble and Patrick Prosser",http://www.ijcai.org/Proceedings/16/Papers/096.pdf,,IJCAI 16
19,Saliency Transfer: An Example-Based Method for Salient Object Detection,E,1,0,0,1,0,0,0,0,1,0,0,0,,,0,0,1,0,0,1,1,"Xin Li, Fan Yang, Leiting Chen and Hongbin Cai",http://www.ijcai.org/Proceedings/16/Papers/482.pdf,,IJCAI 16
20,Complexity of Manipulation with Partial Information,T,1,0,1,0,0,0,0,0,1,,,,,,,,,,,,,"Palash Dey, Neeldhara Misra and Narahari Yadati",http://www.ijcai.org/Proceedings/16/Papers/040.pdf,,IJCAI 16
21,Social Choice for Agents with General Utilities,T,1,0,0,0,0,0,0,0,1,,,,,,,,,,,,,"Hongyao Ma, Reshef Meir and David C. Parkes",http://www.ijcai.org/Proceedings/16/Papers/056.pdf,,IJCAI 16
22,Learning First-Order Logic Embeddings via Matrix Factorization,E,1,0,1,0,0,1,0,0,1,1,0,0,1,1,1,0,0,0,0,1,1,William Yang Wang and William Cohen,http://www.ijcai.org/Proceedings/16/Papers/304.pdf,,IJCAI 16
23,On the Representation and Embedding of Knowledge Bases Beyond Binary Relations,E,1,0,1,0,0,0,0,0,0,1,1,1,1,0,1,0,1,0,1,1,1,"Jianfeng Wen, Jianxin Li, Yongyi Mao, Shini Chen and Richong Zhang",http://www.ijcai.org/Proceedings/16/Papers/188.pdf,,IJCAI 16
24,Improved Heuristic and Tie-Breaking for Optimally Solving Sokoban,E,1,0,1,0,0,0,0,0,0,0,0,0,,,1,1,1,0,0,1,1,"André Grahl Pereira, Robert Holte, Jonathan Schaeffer, Luciana Salete Buriol and Marcus Ritt",http://www.ijcai.org/Proceedings/16/Papers/100.pdf,,IJCAI 16
25,HIEDS: A Generic and Efficient Approach to Hierarchical Dataset Summarization,E,1,0,0,0,0,0,0,0,1,1,0,0,,,1,1,1,0,0,1,1,"Gong Cheng, Cheng Jin and Yuzhong Qu",http://www.ijcai.org/Proceedings/16/Papers/521.pdf,,IJCAI 16
26,Plan Recognition as Planning Revisited,E,1,2,1,0,0,0,0,0,1,0,0,0,0,0,0,0,1,0,0,1,1,"Shirin Sohrabi, Anton Riabov and Octavian Udrea",http://www.ijcai.org/Proceedings/16/Papers/461.pdf,,IJCAI 16
27,Fast Robust Non-Negative Matrix Factorization for Large-Scale Human Action Data Clustering,E,1,0,0,0,0,0,0,0,0,0,0,0,,,1,0,0,0,1,1,1,"De Wang, Feiping Nie and Heng Huang",http://www.ijcai.org/Proceedings/16/Papers/300.pdf,,IJCAI 16
28,DrMAD: Distilling Reverse-Mode Automatic Differentiation for Optimizing Hyperparameters of Deep Neural Networks,E,1,0,1,0,0,1,0,0,1,1,1,1,1,1,1,0,1,1,1,1,1,"Jie Fu, Hongyin Luo, Jiashi Feng, Kian Hsiang Low and Tat-Seng Chua",http://www.ijcai.org/Proceedings/16/Papers/211.pdf,,IJCAI 16
29,Predictive Collaborative Filtering with Side Information,E,1,0,0,0,0,0,0,0,0,1,0,0,1,1,0,0,0,0,0,1,1,"Feipeng Zhao, Min Xiao, Yuhong Guo",http://www.ijcai.org/Proceedings/16/Papers/340.pdf,,IJCAI 16
30,Learning Possibilistic Logic Theories from Default Rules,E,1,0,1,0,0,0,0,0,0,1,1,1,1,0,1,1,0,1,1,1,1,"Ondřej Kuželka, Jesse Davis and Steven Schockaert",http://www.ijcai.org/Proceedings/16/Papers/169.pdf,,IJCAI 16
31,Urban Water Quality Prediction based on Multi-task Multi-view Learning,E,1,1,0,0,0,0,0,0,1,0,0,0,0,0,0,0,0,0,1,1,1,"Ye Liu, Yu Zheng, Yuxuan Liang, Shuming Liu and David Rosenblum",http://www.ijcai.org/Proceedings/16/Papers/366.pdf,,IJCAI 16
32,Derivative-Free Optimization of High-Dimensional Non-Convex Functions by Sequential Random Embeddings,E,1,0,1,0,0,0,0,0,1,1,0,0,0,0,0,0,0,0,1,1,1,"Hong Qian, Yi-Qi Hu and Yang Yu",http://www.ijcai.org/Proceedings/16/Papers/278.pdf,,IJCAI 16
33,Theoretically-Grounded Policy Advice from Multiple Teachers in Reinforcement Learning Settings with Applications to Negative Transfer,E,1,0,0,0,0,0,0,0,1,1,0,0,,,0,0,0,0,0,1,0,"Yusen Zhan, Haitham Bou Ammar and Matthew Taylor",http://www.ijcai.org/Proceedings/16/Papers/330.pdf,,IJCAI 16
34,Completion of Disjunctive Logic Programs,E,1,0,1,0,0,0,0,0,1,0,0,0,,,0,0,1,0,1,1,1,Mario Alviano and Carmine Dodaro,http://www.ijcai.org/Proceedings/16/Papers/130.pdf,,IJCAI 16
35,Chinese Song Iambics Generation with Neural Attention-based Model,E,1,1,0,0,0,0,0,0,0,0,0,0,0,0,0,0,0,0,1,1,1,"Qixin Wang, Tianyi Luo, Dong Wang and Chao Xing",http://www.ijcai.org/Proceedings/16/Papers/418.pdf,,IJCAI 16
36,Neural Enquirer: Learning to Query Tables in Natural Language,E,1,1,1,0,0,0,0,0,0,0,0,0,0,,0,0,1,0,1,1,1,"Pengcheng Yin, Zhengdong Lu, Hang Li and Ben Kao",http://www.ijcai.org/Proceedings/16/Papers/329.pdf,,IJCAI 16
37,Match-SRNN: Modeling the Recursive Matching Structure with Spatial RNN,E,1,0,1,0,0,0,0,0,1,0,0,0,0,0,0,0,0,0,1,1,0,"Shengxian Wan, Yanyan Lan, Jun Xu, Jiafeng Guo and Xueqi Cheng",http://www.ijcai.org/Proceedings/16/Papers/415.pdf,,IJCAI 16
38,On Logics of Strategic Ability based on Propositional Control,T,1,0,0,0,0,0,1,0,1,,,,,,,,,,,,,Francesco Belardinelli and Andreas Herzig,http://www.ijcai.org/Proceedings/16/Papers/021.pdf,,IJCAI 16
39,Robust Out-of-Sample Data Recovery,E,1,0,1,0,0,0,0,0,0,1,0,0,0,0,0,0,0,0,1,0,1,"Bo Jiang, Chris Ding and Bin Luo",http://www.ijcai.org/Proceedings/16/Papers/234.pdf,,IJCAI 16
40,Distributed Breakout: Beyond Satisfaction,E,1,0,0,0,0,0,0,0,1,1,0,0,,,0,0,0,0,0,1,1,"Steven Okamoto, Roie Zivan and Aviv Nahon",http://www.ijcai.org/Proceedings/16/Papers/070.pdf,,IJCAI 16
41,Partially Supervised Graph Embedding for Positive Unlabelled Feature Selection,E,1,2,1,0,0,0,0,0,1,0,0,0,0,0,0,0,0,0,1,1,1,Yufei Han and Yun Shen,http://www.ijcai.org/Proceedings/16/Papers/222.pdf,,IJCAI 16
42,Rule-Based Programming of Molecular Robot Swarms for Biomedical Applications,E,1,1,0,0,0,0,0,0,0,1,0,0,,,0,0,0,0,0,1,1,"Inbal Wiesel, Gal A. Kaminka, Noa Agmon, Ido Bachelet and Guy Hachmon",http://www.ijcai.org/Proceedings/16/Papers/495.pdf,,IJCAI 16
43,Clustering-based Joint Feature Selection for Semantic Attribute Prediction,E,1,0,1,0,0,0,0,0,0,1,0,0,1,0,0,0,0,0,1,1,1,Lin Chen and Baoxin Li,http://www.ijcai.org/Proceedings/16/Papers/472.pdf,,IJCAI 16
44,Constraint Answer Set Programming versus Satisfiability Modulo Theories,T,1,0,0,0,0,0,0,0,0,,,,,,,,,,,,,Yuliya Lierler and Benjamin Susman,http://www.ijcai.org/Proceedings/16/Papers/171.pdf,,IJCAI 16
45,Sparsity Conditional Energy Label Distribution Learning for Age Estimation,E,1,0,1,0,0,0,0,0,1,1,0,0,1,1,0,0,0,0,1,1,1,"Xu Yang, Xin Geng and De-Yu Zhou",http://www.ijcai.org/Proceedings/16/Papers/322.pdf,,IJCAI 16
46,Scene Text Detection in Video by Learning Locally and Globally,E,1,0,0,0,0,0,0,0,0,0,0,0,1,0,1,0,0,0,1,0,1,"Wei-Yi Pei, Shu Tian and Xu-Cheng Yin",http://www.ijcai.org/Proceedings/16/Papers/376.pdf,,IJCAI 16
47,∃-STRIPS: Existential Quantification in Planning and Constraint Satisfaction,E,1,0,1,0,0,0,0,0,0,0,0,0,,,0,0,1,0,1,1,0,Guillem Francès and Hector Geffner,http://www.ijcai.org/Proceedings/16/Papers/437.pdf,,IJCAI 16
48,Optimizing Molecular Cloning Of Multiple Plasmids,E,1,0,1,0,0,0,0,0,0,1,0,0,,,0,0,1,0,1,0,1,Thierry Petit and Lolita Petit,http://www.ijcai.org/Proceedings/16/Papers/115.pdf,,IJCAI 16
49,PAC Greedy Maximization with Efficient Bounds on Information Gain for Sensor Selection,E,1,0,1,0,0,0,0,0,0,1,0,0,,,0,0,0,0,1,0,1,"Yash Satsangi, Shimon Whiteson and Frans A. Oliehoek",http://www.ijcai.org/Proceedings/16/Papers/456.pdf,,IJCAI 16
50,Version space reduction based on ensembles of dissimilar balanced Perceptrons,E,1,0,1,0,0,0,0,0,0,1,0,0,1,1,0,0,0,1,1,1,1,"Karen Braga Enes, Saulo Moraes Villela and Raul Fonseca Neto",http://www.ijcai.org/Proceedings/16/Papers/208.pdf,,IJCAI 16
51,Anticipatory Troubleshooting,E,1,0,0,0,0,0,0,0,1,0,0,0,,,0,0,0,0,1,1,1,"Netantel Hasidi, Roni Stern, Meir Kalech and Shulamit Reches",http://www.ijcai.org/Proceedings/16/Papers/444.pdf,,IJCAI 16
52,Eliminating Disjunctions in Answer Set Programming by Restricted Unfolding,E,1,0,0,0,0,1,0,0,1,1,1,1,,,1,1,1,0,1,1,0,"Jianmin Ji, Hai Wan, Kewen Wang, Zhe Wang, Chuhan Zhang and Jiangtao Xu",http://www.ijcai.org/Proceedings/16/Papers/164.pdf,,IJCAI 16
53,ADL™: A Topic Model for Discovery of Activities of Daily Living in a Smart Home,E,1,0,0,0,0,0,0,0,0,1,0,0,,,1,0,0,0,1,1,1,"Yu Chen, Tom Diethe and Peter Flach",http://www.ijcai.org/Proceedings/16/Papers/202.pdf,,IJCAI 16
54,Mission Oriented Robust Multi-Team Formation and its Application to Robot Rescue Simulation,E,1,0,1,0,0,0,0,0,0,1,0,1,,,1,0,1,1,1,1,1,"Tony Ribeiro, Damien Bouchabou, Tenda Okimoto and Katsumi Inoue",http://www.ijcai.org/Proceedings/16/Papers/071.pdf,,IJCAI 16
55,Hidden Parameter Markov Decision Processes: A Semiparametric Regression Approach for Discovering Latent Task Parametrizations,E,1,0,0,0,0,0,0,0,0,0,0,0,0,0,0,0,0,0,0,1,1,Finale Doshi-Velez and George Konidaris,http://www.ijcai.org/Proceedings/16/Papers/206.pdf,,IJCAI 16
56,Connecting Qualitative Spatial and Temporal Representations by Propositional Closure,T,1,0,1,0,0,0,0,0,0,,,,,,,,,,,,,Diedrich Wolter and Jae Hee Lee,http://www.ijcai.org/Proceedings/16/Papers/189.pdf,,IJCAI 16
57,Unsupervised Alignment of Actions in Video with Text Descriptions,E,1,0,1,0,0,0,0,0,0,1,0,0,0,0,0,0,1,0,1,1,1,"Young Chol Song, Iftekhar Naim, Abdullah Al Mamun, Kaustubh Kulkarni, Parag Singla, Jiebo Luo, Daniel Gildea and Henry Kautz",http://www.ijcai.org/Proceedings/16/Papers/289.pdf,,IJCAI 16
58,Sherlock: Sparse Hierarchical Embeddings for Visually-aware One-class Collaborative Filtering,E,1,0,0,0,0,0,0,0,1,0,0,0,1,0,0,0,0,0,1,1,1,"Ruining He, Chunbin Lin, Jianguo Wang and Julian McAuley",http://www.ijcai.org/Proceedings/16/Papers/526.pdf,,IJCAI 16
59,Weakly-supervised Deep Learning for Customer Review Sentiment Classification,E,1,1,1,0,0,0,0,0,1,1,0,0,0,0,0,0,0,0,1,1,1,"Ziyu Guan, Long Chen, Wei Zhao, Yi Zheng, Shulong Tan and Deng Cai",http://www.ijcai.org/Proceedings/16/Papers/523.pdf,,IJCAI 16
60,Exploiting Partial Assignments for Efficient Evaluation of Answer Set Programs with External Source Access,E,1,0,1,1,0,0,1,0,1,1,0,0,,,1,1,1,1,1,1,1,"Thomas Eiter, Tobias Kaminski, Christoph Redl and Antonius Weinzierl",http://www.ijcai.org/Proceedings/16/Papers/154.pdf,,IJCAI 16
61,Knowledge Compilation Meets Communication Complexity,T,1,0,0,0,0,0,0,0,0,,,,,,,,,,,,,"Simone Bova, Florent Capelli, Stefan Mengel and Friedrich Slivovsky",http://www.ijcai.org/Proceedings/16/Papers/147.pdf,,IJCAI 16
62,Linear Arithmetic Satisfiability via Strategy Improvement,E,1,0,1,0,0,0,0,0,0,1,0,0,,,1,0,1,1,1,1,1,Azadeh Farzan and Zachary Kincaid,http://www.ijcai.org/Proceedings/16/Papers/110.pdf,,IJCAI 16
63,Question Answering via Integer Programming over Semi-Structured Knowledge,E,1,1,0,1,0,0,0,0,0,1,0,0,1,0,0,0,1,1,1,1,0,"Daniel Khashabi, Tushar Khot, Ashish Sabharwal, Peter Clark, Oren Etzioni and Dan Roth",http://www.ijcai.org/Proceedings/16/Papers/166.pdf,,IJCAI 16
64,Static Symmetry Breaking with the Reflex Ordering,E,1,0,0,0,0,0,0,0,1,1,0,0,,,0,0,1,1,1,1,1,Jimmy Lee and Zichen Zhu,http://www.ijcai.org/Proceedings/16/Papers/113.pdf,,IJCAI 16
65,Learning using Unselected Features (LUFe),E,1,0,0,0,0,1,0,0,1,1,0,0,1,1,0,0,0,0,0,1,1,"Joseph Taylor, Viktoriia Sharmanska, Kristian Kersting, David Weir and Novi Quadrianto",http://www.ijcai.org/Proceedings/16/Papers/294.pdf,,IJCAI 16
66,Extending the Harper Identity to Iterated Belief Change,T,1,0,1,0,0,0,0,0,0,,,,,,,,,,,,,Richard Booth and Jake Chandler,http://www.ijcai.org/Proceedings/16/Papers/144.pdf,,IJCAI 16
67,Cold-start recommendations for audio news stories using matrix factorization,E,1,1,1,0,0,0,0,0,0,0,0,0,0,0,0,0,0,0,0,0,1,"Ehsan Mohammady Ardehaly, Aron Culotta, Vivek Sundararaman and Alwar Narayanan",http://www.ijcai.org/Proceedings/16/Papers/198.pdf,,IJCAI 16
68,Efficient Bayesian Clustering for Reinforcement Learning,E,1,1,1,0,0,0,0,0,0,1,0,0,,,1,0,0,0,1,1,1,"Travis Mandel, Yun-En Liu, Emma Brunskill and Zoran Popovic",http://www.ijcai.org/Proceedings/16/Papers/262.pdf,,IJCAI 16
69,Strategic Voting with Incomplete Information,T,1,0,0,0,0,1,0,0,1,,,,,,,,,,,,,"Ulle Endriss, Svetlana Obraztsova, Maria Polukarov and Jeffrey S. Rosenschein",http://www.ijcai.org/Proceedings/16/Papers/041.pdf,,IJCAI 16
70,Object Recognition with Hidden Attributes,E,1,0,0,0,0,0,0,0,1,0,0,0,1,1,1,0,0,0,1,1,0,Qiang Ji and Xiaoyang Wang,http://www.ijcai.org/Proceedings/16/Papers/494.pdf,,IJCAI 16
71,A Decision Procedure for a Fragment of Linear Time Mu-Calculus,T,1,0,1,0,0,0,0,0,0,,,,,,,,,,,,,"Yao Liu, Zhenhua Duan and Cong Tian",http://www.ijcai.org/Proceedings/16/Papers/173.pdf,,IJCAI 16
72,POISketch: Semantic Place Labeling over User Activity Streams,E,1,1,1,1,0,0,0,0,0,0,0,0,1,0,1,0,1,1,1,1,1,"Dingqi Yang, Bin Li and Philippe Cudré-Mauroux",http://www.ijcai.org/Proceedings/16/Papers/383.pdf,,IJCAI 16
73,Tight Policy Regret Bounds for Improving and Decaying Bandits,E,1,0,1,1,0,0,0,0,0,1,0,0,,,0,0,0,0,0,1,1,"Hoda Heidari, Michael Kearns and Aaron Roth",http://www.ijcai.org/Proceedings/16/Papers/224.pdf,,IJCAI 16
74,Online Mechanism Design for Vehicle-to-Grid Car Parks,E,1,0,1,1,0,0,0,0,1,0,0,0,,,1,1,0,0,0,1,1,"Enrico Gerding, Sebastian Stein, Sofia Ceppi and Valentin Robu",http://www.ijcai.org/Proceedings/16/Papers/048.pdf,,IJCAI 16
75,Incomplete Causal Laws in the Situation Calculus using Free Fluents,T,1,0,0,0,0,0,0,0,0,,,,,,,,,,,,,"Marcelo Arenas, Jorge Baier, Juan Navarro and Sebastian Sardina",http://www.ijcai.org/Proceedings/16/Papers/133.pdf,,IJCAI 16
76,Online Symbolic Gradient-Based Optimization for Factored Action MDPs,E,1,0,1,0,0,0,0,0,1,1,0,0,,,0,0,1,0,0,1,1,Hao Cui and Roni Khardon,http://www.ijcai.org/Proceedings/16/Papers/436.pdf,,IJCAI 16
77,Diversifying Convex Transductive Experimental Design for Active Learning,E,1,0,1,0,0,0,0,0,0,1,0,0,1,0,1,0,0,0,1,1,1,Lei Shi and Yi-Dong Shen,http://www.ijcai.org/Proceedings/16/Papers/285.pdf,,IJCAI 16
78,Real-Time Web Scale Event Summarization Using Sequential Decision Making,E,1,1,0,0,0,0,0,0,0,1,0,0,1,0,0,0,0,0,1,0,1,"Chris Kedzie, Fernando Diaz and Kathleen Mckeown",http://www.ijcai.org/Proceedings/16/Papers/528.pdf,,IJCAI 16
79,Hierarchical Finite State Controllers for Generalized Planning,E,1,0,0,0,0,0,0,0,1,0,0,0,,,0,0,1,0,1,0,0,"Javier Segovia, Sergio Jimenez and Anders Jonsson",http://www.ijcai.org/Proceedings/16/Papers/458.pdf,,IJCAI 16
80,Robust Iterative Quantization for Efficient ℓp-norm Similarity Search,E,1,0,1,0,0,0,0,0,1,1,0,0,1,0,1,0,0,0,1,1,1,"Yuchen Guo, Guiguang Ding and Jungong Han",http://www.ijcai.org/Proceedings/16/Papers/478.pdf,,IJCAI 16
81,Synthesizing Robotic Handwriting Motion by Learning from Human Demonstrations,E,1,0,0,1,0,0,1,0,1,1,0,0,1,0,0,0,0,0,1,0,1,"Hang Yin, Patricia Alves-Olivera, Francesco S. Melo, Aude Billard and Ana Paiva",http://www.ijcai.org/Proceedings/16/Papers/498.pdf,,IJCAI 16
82,Allocating Indivisible Items in Categorized Domains,T,1,0,1,0,0,0,0,0,1,,,,,,,,,,,,,Erika Mackin and Lirong Xia,http://www.ijcai.org/Proceedings/16/Papers/058.pdf,,IJCAI 16
83,Improving Top-N Recommendation with Heterogeneous Loss,E,1,0,1,0,0,0,0,0,0,1,0,0,1,0,0,0,0,0,0,1,1,Feipeng Zhao and Yuhong Guo,http://www.ijcai.org/Proceedings/16/Papers/339.pdf,,IJCAI 16
84,Max-Margin DeepWalk: Discriminative Learning of Network Representation,E,1,0,0,0,0,0,0,0,1,0,1,1,1,1,1,0,0,0,1,1,1,"Cunchao Tu, Weicheng Zhang, Zhiyuan Liu and Maosong Sun",http://www.ijcai.org/Proceedings/16/Papers/547.pdf,,IJCAI 16
85,Moving in a Crowd: Safe and Efficient Navigation among Heterogeneous Agents,E,1,0,1,0,0,0,0,0,1,1,0,0,,,0,0,0,0,0,1,1,"Julio Godoy, Ioannis Karamouzas, Stephen Guy and Maria Gini",http://www.ijcai.org/Proceedings/16/Papers/049.pdf,,IJCAI 16
86,Bridging LSTM Architecture and the Neural Dynamics during Reading,E,1,0,0,1,1,0,0,0,1,0,0,0,0,0,0,0,0,0,0,1,1,"Peng Qian, Xipeng Qiu and Xuanjing Huang",http://www.ijcai.org/Proceedings/16/Papers/279.pdf,,IJCAI 16
87,Automated Synthesis of Timed Failure Propagation Graphs,E,1,0,0,1,0,0,0,0,0,1,1,0,,,1,0,1,1,1,0,0,"Automated Synthesis of Timed Failure Propagation Graphs Benjamin Bittner, Marco Bozzano and Alessandro Cimatti",http://www.ijcai.org/Proceedings/16/Papers/142.pdf,,IJCAI 16
88,Contextual Symmetries in Probabilistic Graphical Models,E,1,0,0,1,0,0,0,0,1,0,1,1,,,1,1,0,0,1,1,0,"Ankit Anand, Aditya Grover, Mausam, and Parag Singla",http://www.ijcai.org/Proceedings/16/Papers/502.pdf,,IJCAI 16
89,Learning by Actively Querying Strong Modal Features,E,1,0,0,0,0,0,0,0,0,1,0,0,0,0,0,0,0,0,1,1,0,"Yang Yang, De-Chuan Zhan, Yuan Jiang",http://www.ijcai.org/Proceedings/16/Papers/325.pdf,,IJCAI 16
90,A Polynomial Time Optimal Algorithm for Robot-Human Search under Uncertainty,E,1,0,0,0,0,0,0,0,0,1,0,0,,,0,0,0,0,0,0,1,"Shaofei Chen, Tim Baarslag, Dengji Zhao, Jing Chen and Lincheng Shen",http://www.ijcai.org/Proceedings/16/Papers/121.pdf,,IJCAI 16
91,Truncating Shortest Path Search for Efficient Map-matching,E,1,2,1,1,0,0,0,0,1,0,0,0,,,1,0,1,1,1,1,1,"Takashi Imamichi, Takayuki Osogami and Rudy Raymond",http://www.ijcai.org/Proceedings/16/Papers/090.pdf,,IJCAI 16
92,Incorporating Prototype Theory in Convolutional Neural Networks,E,1,0,1,1,0,0,1,0,1,0,0,0,1,1,1,0,0,0,1,1,1,"Babak Saleh, Ahmed Elgammal and Jacob Feldman",http://www.ijcai.org/Proceedings/16/Papers/487.pdf,,IJCAI 16
93,Conditional and Sequential Approval Voting on Combinatorial Domains,T,1,0,0,0,0,0,0,0,0,,,,,,,,,,,,,Nathanaël Barrot and Jérôme Lang,http://www.ijcai.org/Proceedings/16/Papers/020.pdf,,IJCAI 16
94,"Robust Natural Language Processing — Combining Reasoning, Cognitive Semantics, and Construction Grammar for Spatial Language",E,1,1,0,0,0,0,0,0,0,0,0,0,,,0,0,0,0,0,1,1,"Michael Spranger, Jakob Suchan and Mehul Bhatt",http://www.ijcai.org/Proceedings/16/Papers/413.pdf,,IJCAI 16
95,Online Multi-object Tracking by Quadratic Pseudo-Boolean Optimization,E,1,0,1,1,0,0,0,0,0,0,0,0,1,0,1,0,1,0,1,1,1,"Long Lan, Dacheng Tao, Chen Gong, Naiyang Guan and Zhigang Luo",http://www.ijcai.org/Proceedings/16/Papers/480.pdf,,IJCAI 16
96,Learning Multi-Modal Grounded Linguistic Semantics by Playing “I Spy”,E,1,0,0,0,0,0,0,0,0,0,0,0,0,0,0,0,0,1,0,1,1,"Jesse Thomason, Jivko Sinapov, Max Svetlik, Peter Stone and Raymond Mooney",http://www.ijcai.org/Proceedings/16/Papers/491.pdf,,IJCAI 16
97,Exploring Segment Representations for Neural Segmentation Models,E,1,0,1,0,0,0,0,0,0,0,1,1,1,0,1,0,0,1,1,1,1,"Yijia Liu, Wanxiang Che and Jiang Guo",http://www.ijcai.org/Proceedings/16/Papers/409.pdf,,IJCAI 16
98,How to Build Your Network? A Structural Analysis,E,1,0,1,0,0,0,0,0,1,1,0,0,,,0,0,0,0,1,0,0,Anastasia Moskvina and Jiamou Liu,http://www.ijcai.org/Proceedings/16/Papers/369.pdf,,IJCAI 16
99,Detecting Rumors from Microblogs with Recurrent Neural Networks,E,1,0,1,0,0,0,0,0,1,1,0,0,1,0,0,0,0,0,0,0,0,"Jing Ma, Wei Gao, Prasenjit Mitra, Sejeong Kwon, Bernard J. Jansen, Kam-Fai Wong and Meeyoung Cha",http://www.ijcai.org/Proceedings/16/Papers/537.pdf,,IJCAI 16
100,A Characterization of Voting Power for Discrete Weight Distributions,T,1,1,0,0,0,0,0,0,1,,,,,,,,,,,,,"Yoram Bachrach, Yuval Filmus, Joel Oren and Yair Zick",http://www.ijcai.org/Proceedings/16/Papers/018.pdf,,IJCAI 16
101,Learning Community-based Preferences via Dirichlet Process Mixtures of Gaussian Processes,E,1,0,0,0,0,0,0,0,0,1,0,0,1,0,0,0,0,0,1,1,0,"Ehsan Abbasnejad, Scott Sanner, Edwin V. Bonilla, Pascal Poupart",http://www.aaai.org/ocs/index.php/IJCAI/IJCAI13/paper/viewFile/6766/6791,,IJCAI 13
102,Efficient Interdependent Value Combinatorial Auctions with Single-Minded Bidders,T,1,0,1,0,0,0,0,0,0,,,,,,,,,,,,,"Valentin Robu, David Parkes, Takayuki Ito, Nick Jennings",http://www.aaai.org/ocs/index.php/IJCAI/IJCAI13/paper/viewFile/6575/6557,,IJCAI 13
103,Mining for Analogous Tuples from an Entity-Relation Graph,E,1,0,0,0,0,0,0,0,1,1,0,0,,,1,0,1,0,1,1,1,"Danushka Bollegala, Mitsuru Kushimoto, Yuichi Yoshida, Ken-ichi Kawarabayashi",http://www.aaai.org/ocs/index.php/IJCAI/IJCAI13/paper/viewFile/6620/7004,,IJCAI 13
104,Advanced Conflict-Driven Disjunctive Answer Set Solving,E,1,0,0,0,0,0,0,0,0,0,1,0,,,1,0,1,0,1,0,0,"Martin Gebser, Benjamin Kaufmann, Torsten Schaub",http://www.aaai.org/ocs/index.php/IJCAI/IJCAI13/paper/viewFile/6835/6731,,IJCAI 13
105,Misleading Opinions Provided by Advisors: Dishonesty or Subjectivity,E,1,0,0,0,0,0,0,0,0,0,0,0,,,1,0,0,0,0,0,1,"Hui Fang, Yang Bao, Jie Zhang",http://www.aaai.org/ocs/index.php/IJCAI/IJCAI13/paper/viewFile/6567/6993,,IJCAI 13
106,Sparse Reconstruction for Weakly Supervised Semantic Segmentation,E,1,0,1,0,0,0,0,0,1,1,0,0,1,0,1,0,0,0,1,0,0,"Ke Zhang, Wei Zhang, Yingbin Zheng, Xiangyang Xue",http://www.aaai.org/ocs/index.php/IJCAI/IJCAI13/paper/viewPDFInterstitial/6990/6980,,IJCAI 13
107,Measuring Statistical Dependence via the Mutual Information Dimension,E,1,0,1,0,0,0,0,0,0,1,0,0,0,0,0,0,1,1,1,1,1,"Mahito Sugiyama, Karsten Borgwardt",http://www.aaai.org/ocs/index.php/IJCAI/IJCAI13/paper/viewFile/6844/6952,,IJCAI 13
108,Predicting the Size of Depth-First Branch and Bound Search Trees,E,1,0,0,0,0,0,0,0,1,1,0,0,,,0,0,0,0,1,0,1,"Levi Lelis, Lars Otten, Rina Dechter",http://www.aaai.org/ocs/index.php/IJCAI/IJCAI13/paper/viewPDFInterstitial/6723/6640,,IJCAI 13
109,On Robust Estimation of High Dimensional Generalized Linear Models,T,1,0,1,0,0,0,0,0,1,,,,,,,,,,,,,"Eunho Yang, Ambuj Tewari, Pradeep Ravikumar",http://www.aaai.org/ocs/index.php/IJCAI/IJCAI13/paper/viewFile/6828/6972,,IJCAI 13
110,Efficiently Solving Joint Activity Based Security Games,E,1,0,1,0,0,0,0,0,1,1,0,0,,,0,0,0,0,0,0,0,"Eric Shieh, Manish Jain, Albert Xin Jiang, Milind Tambe",http://www.aaai.org/ocs/index.php/IJCAI/IJCAI13/paper/viewPDFInterstitial/6298/6560,,IJCAI 13
111,Detecting and Tracking Disease Outbreaks by Mining Social Media Data,T,1,0,1,0,0,0,0,0,1,,,,,,,,,,,,,"Yusheng Xie, Zhengzhang Chen, Yu Cheng, Kunpeng Zhang, Ankit Agrawal, Wei-keng Liao, Alok Choudhary",http://www.aaai.org/ocs/index.php/IJCAI/IJCAI13/paper/viewFile/6560/7198,,IJCAI 13
112,Optimal Airline Ticket Purchasing Using Automated User-Guided Feature Selection,E,1,0,1,0,0,0,0,0,1,0,0,0,0,0,0,0,0,0,0,0,1,"William Groves, Maria Gini",http://www.aaai.org/ocs/index.php/IJCAI/IJCAI13/paper/viewFile/7000/6503,,IJCAI 13
113,Efficient Learning in Linearly Solvable MDP Models,E,1,0,1,0,0,0,0,0,0,1,0,0,,,0,0,0,0,1,1,0,"Ang Li, Paul Schrater",http://www.aaai.org/ocs/index.php/IJCAI/IJCAI13/paper/viewPDFInterstitial/6530/6531,,IJCAI 13
114,Answer Set Programming Modulo Theories and Reasoning about Continuous Changes,E,1,0,0,0,0,0,0,0,0,1,0,0,,,0,0,1,0,0,0,0,"Joohyung Lee, Yunsong Meng",http://www.aaai.org/ocs/index.php/IJCAI/IJCAI13/paper/viewFile/6895/6757,,IJCAI 13
115,Double-Wheel Graphs Are Graceful,T,1,0,0,0,0,0,0,0,0,,,,,,,,,,,,,"Ronan Le Bras, Carla Gomes, Bart Selman",http://www.aaai.org/ocs/index.php/IJCAI/IJCAI13/paper/viewPDFInterstitial/6973/6638,,IJCAI 13
116,Improved Bin Completion for Optimal Bin Packing and Number Partitioning,E,1,0,0,0,0,0,0,0,0,0,0,0,,,1,0,1,0,1,1,1,"Ethan Schreiber, Richard Korf",http://www.aaai.org/ocs/index.php/IJCAI/IJCAI13/paper/viewFile/6851/6656,,IJCAI 13
117,Rolling Dispersion for Robot Teams,E,1,0,0,0,0,0,0,0,1,1,0,0,,,1,0,0,0,1,1,0,"Elizabeth Jensen, Maria Gini",http://www.aaai.org/ocs/index.php/IJCAI/IJCAI13/paper/viewFile/6980/7074,,IJCAI 13
118,Coupled Attribute Analysis on Numerical Data,E,1,0,0,0,0,0,0,0,0,0,0,0,1,1,0,0,0,0,1,1,0,"Can Wang, Zhong She, longbing cao",http://www.aaai.org/ocs/index.php/IJCAI/IJCAI13/paper/viewPDFInterstitial/6868/6958,,IJCAI 13
119,Parametric Local Multimodal Hashing for Cross-view Similarity Search,E,1,0,1,0,0,0,0,0,0,1,0,0,1,,0,0,0,0,1,1,1,"Deming Zhai, Hong Chang, Yi Zhen, Xianming Liu, Wen Gao",http://www.aaai.org/ocs/index.php/IJCAI/IJCAI13/paper/viewFile/6728/7141,,IJCAI 13
120,A Cutoff Technique for the Verification of Parameterised Interpreted Systems with Parameterised Environments,E,1,0,0,0,0,0,0,0,0,0,0,0,,,0,0,0,0,1,0,0,"Panagiotis Kouvaros, Alessio Lomuscio",http://www.aaai.org/ocs/index.php/IJCAI/IJCAI13/paper/viewFile/6919/6997,,IJCAI 13
121,Robust Unsupervised Feature Selection,E,1,0,0,0,0,0,0,0,1,1,0,0,1,0,0,0,1,0,1,0,0,"Mingjie Qian, Chengxiang Zhai",http://www.aaai.org/ocs/index.php/IJCAI/IJCAI13/paper/viewFile/6494/6942,,IJCAI 13
122,Defender (Mis)coordination in Security Games,E,1,0,0,1,0,1,0,0,1,0,0,0,,,0,0,0,0,1,1,0,"Albert Xin Jiang, Ariel Procaccia, Yundi Qian, Nisarg Shah, Milind Tambe",http://www.aaai.org/ocs/index.php/IJCAI/IJCAI13/paper/viewPDFInterstitial/6748/6522,,IJCAI 13
123,A Hidden Markov Model-Based Cicada Detector for Crowdsourced Smartphone Biodiversity Monitoring,E,1,0,0,0,0,0,0,0,0,0,0,0,,,0,0,0,0,1,1,0,"Davide Zilli, Oliver Parson, Geoff V Merrett, Alex Rogers",http://www.aaai.org/ocs/index.php/IJCAI/IJCAI13/paper/viewPDFInterstitial/6756/7190,,IJCAI 13
124,A Lossy Counting Based Approach for Learning on Streams of Graphs on a Budget,E,1,0,0,0,0,0,0,0,0,1,0,0,,,0,0,0,0,0,1,1,"Giovanni Da San Martino, Nicolò Navarin, Alessandro Sperduti",http://www.aaai.org/ocs/index.php/IJCAI/IJCAI13/paper/viewPDFInterstitial/6699/6896,,IJCAI 13
125,Action-Model Acquisition from Noisy Plan Traces,E,1,0,0,0,0,0,0,0,0,1,0,0,0,0,0,0,0,0,0,0,1,Rao Kambhampati,http://www.aaai.org/ocs/index.php/IJCAI/IJCAI13/paper/viewPDFInterstitial/6873/7066,,IJCAI 13
126,First-Order Rewritability of Atomic Queries in Horn Description Logics,T,1,0,1,0,0,0,0,0,0,,,,,,,,,,,,,"Meghyn Bienvenu, Carsten Lutz, Frank Wolter",http://www.aaai.org/ocs/index.php/IJCAI/IJCAI13/paper/viewPDFInterstitial/6907/6688,,IJCAI 13
127,Automatically Generating Problems and Solutions for Natural Deduction,E,1,1,0,0,0,0,0,0,1,1,0,0,,,0,0,0,0,0,1,0,"Umair Ahmed, Sumit Gulwani, Amey Karkare",http://www.aaai.org/ocs/index.php/IJCAI/IJCAI13/paper/viewFile/6960/6991,,IJCAI 13
128,One-Class Conditional Random Fields for Sequential Anomaly Detection,E,1,1,1,0,0,0,0,0,1,0,0,0,0,0,0,0,0,0,1,0,1,"Yale Song, Zhen Wen, Ching-Yung Lin, Randall Davis",http://www.aaai.org/ocs/index.php/IJCAI/IJCAI13/paper/viewPDFInterstitial/6579/6951,,IJCAI 13
129,Linear Temporal Logic and Linear Dynamic Logic on Finite Traces,T,1,0,0,0,0,0,0,0,0,,,,,,,,,,,,,"Giuseppe De Giacomo, Moshe Vardi",http://www.aaai.org/ocs/index.php/IJCAI/IJCAI13/paper/viewPDFInterstitial/6997/6719,,IJCAI 13
130,Partial-Tree Linearization: Generalized Word Ordering for Text Synthesis,E,1,0,1,1,0,0,0,0,0,1,0,0,1,1,1,0,1,1,0,1,0,Yue Zhang,http://www.aaai.org/ocs/index.php/IJCAI/IJCAI13/paper/viewFile/6314/7028,,IJCAI 13
131,Adaptive error-correcting output codes,E,1,0,0,0,0,0,0,0,0,0,0,0,1,1,0,0,0,0,0,0,0,"Guoqiang Zhong, Mohamed Cheriet",http://www.aaai.org/ocs/index.php/IJCAI/IJCAI13/paper/viewFile/6554/6986,,IJCAI 13
132,Agent Failures in All-Pay Auctions,T,1,1,0,0,0,0,0,0,0,,,,,,,,,,,,,"Yoad Lewenberg, Omer Lev, Yoram Bachrach, Jeffrey Rosenschein",http://www.aaai.org/ocs/index.php/IJCAI/IJCAI13/paper/viewPDFInterstitial/6607/6530,,IJCAI 13
133,Cyclic Causal Models with Discrete Variables: Markov Chain Equilibrium Semantics and Sample Ordering,T,1,0,0,0,0,0,0,0,0,,,,,,,,,,,,,"David Poole, Mark Crowley",http://www.aaai.org/ocs/index.php/IJCAI/IJCAI13/paper/viewPDFInterstitial/6667/6770,,IJCAI 13
134,Integrating Syntactic and Semantic Analysis into the Open Information Extraction Paradigm,E,1,0,1,0,0,0,0,0,1,1,0,0,,,1,0,0,0,0,0,1,"Andrea Moro, Roberto Navigli",http://www.aaai.org/ocs/index.php/IJCAI/IJCAI13/paper/viewPDFInterstitial/6837/7016,,IJCAI 13
135,Nonconvex Relaxation Approaches to Robust Matrix Recovery,E,1,0,1,0,0,0,0,0,1,1,0,0,,,0,0,0,0,1,1,0,"Shusen Wang, Dehua Liu, Zhihua Zhang",http://www.aaai.org/ocs/index.php/IJCAI/IJCAI13/paper/viewPDFInterstitial/6541/6962,,IJCAI 13
136,Audience-Based Uncertainty in Abstract Argument Games,T,1,0,0,0,0,0,0,0,1,,,,,,,,,,,,,"Davide Grossi, Wiebe van der Hoek",http://www.aaai.org/ocs/index.php/IJCAI/IJCAI13/paper/viewPDFInterstitial/6506/6501,,IJCAI 13
137,Implicit learning of common sense for reasoning,T,1,0,1,0,0,0,0,0,1,,,,,,,,,,,,,Brendan Juba,http://www.aaai.org/ocs/index.php/IJCAI/IJCAI13/paper/viewPDFInterstitial/6612/6738,,IJCAI 13
138,Deep Feature Learning using Target Priors with Applications in ECoG Signal Decoding for BCI,E,1,1,0,1,0,0,0,0,0,0,0,0,0,0,0,0,0,0,0,0,0,"Zuoguan Wang, Siwei Lyu, Qiang Ji",http://www.aaai.org/ocs/index.php/IJCAI/IJCAI13/paper/viewPDFInterstitial/6680/6965,,IJCAI 13
139,Active Learning for Level Set Estimation,E,1,1,1,0,0,0,0,0,1,1,0,0,0,0,0,0,0,0,1,1,1,"Alkis Gotovos, Nathalie Casati, Gregory Hitz, Andreas Krause",http://www.aaai.org/ocs/index.php/IJCAI/IJCAI13/paper/viewFile/6707/6903,,IJCAI 13
140,Computing Upper Bounds on Lengths of Transition Sequences,E,1,1,0,0,0,0,0,0,0,1,0,0,,,0,0,1,0,0,0,0,"Jussi Rintanen, Charles Orgill Gretton",http://www.aaai.org/ocs/index.php/IJCAI/IJCAI13/paper/viewFile/6992/7049,,IJCAI 13
141,Euler Clustering,E,1,0,0,0,0,0,0,0,1,1,0,0,,,1,0,1,0,0,1,1,"Jian-sheng Wu, Wei-Shi Zheng, Jian-huang Lai",http://www.aaai.org/ocs/index.php/IJCAI/IJCAI13/paper/viewPDFInterstitial/6617/6966,,IJCAI 13
142,Exchanging OWL 2 QL Knowledge Bases,T,1,0,1,0,0,0,0,0,1,,,,,,,,,,,,,"Marcelo Arenas, Elena Botoeva, Diego Calvanese, Vladislav Ryzhikov",http://www.aaai.org/ocs/index.php/IJCAI/IJCAI13/paper/viewPDFInterstitial/6939/6674,,IJCAI 13
143,Isomorph-free branch and bound search for finite state controllers,E,1,0,0,0,0,0,0,0,0,1,0,0,,,0,0,0,0,0,0,0,"Marek Grzes, Pascal Poupart, Jesse Hoey",http://www.aaai.org/ocs/index.php/IJCAI/IJCAI13/paper/viewPDFInterstitial/6954/7395,,IJCAI 13
144,On Condensing a Sequence of Updates in Answer-Set Programming,T,1,0,1,0,0,0,0,0,0,,,,,,,,,,,,,"Martin Slota, Joao Leite",http://www.aaai.org/ocs/index.php/IJCAI/IJCAI13/paper/viewFile/6763/6775,,IJCAI 13
145,Parameter Learning for Latent Network Diffusion,E,1,0,1,0,0,0,0,0,1,0,0,0,,,1,0,0,0,1,1,1,"Xiaojian Wu, Akshat Kumar, Daniel Sheldon, Shlomo Zilberstein",http://www.aaai.org/ocs/index.php/IJCAI/IJCAI13/paper/viewPDFInterstitial/6843/7185,,IJCAI 13
146,Just-In-Time Compilation of Knowledge Bases,E,1,0,0,0,0,0,0,0,0,1,0,0,,,0,0,1,0,0,0,0,"Laurent Simon, Gilles Audemard, Jean-Marie Lagniez",http://www.aaai.org/ocs/index.php/IJCAI/IJCAI13/paper/viewPDFInterstitial/6754/6600,,IJCAI 13
147,Learning Canonical Correlations of Paired Tensor Sets via Tensor-to-Vector Projection,E,1,0,0,0,0,0,0,0,0,1,0,0,1,1,0,0,0,0,1,1,0,Haiping Lu,http://www.aaai.org/ocs/index.php/IJCAI/IJCAI13/paper/viewFile/6764/6927,,IJCAI 13
148,Accurate Probability Calibration for Multiple Classifiers,E,1,0,0,0,0,0,0,0,0,1,0,0,1,0,0,0,0,0,0,1,1,"Leon Wenliang Zhong, James Kwok",http://www.aaai.org/ocs/index.php/IJCAI/IJCAI13/paper/viewPDFInterstitial/6690/6987,,IJCAI 13
149,Online Egocentric Models for Citation networks,E,1,0,0,0,0,0,0,0,0,0,0,0,0,0,0,0,0,0,0,1,1,"Hao Wang, Wu-Jun Li",http://www.aaai.org/ocs/index.php/IJCAI/IJCAI13/paper/viewPDFInterstitial/6994/7134,,IJCAI 13
150,Reasoning about Normative Update,T,1,0,1,0,0,0,0,0,0,,,,,,,,,,,,,,http://www.aaai.org/ocs/index.php/IJCAI/IJCAI13/paper/viewFile/6884/6463,,IJCAI 13
151,Undecidability in Epistemic Planning,T,1,0,0,0,0,0,0,0,0,,,,,,,,,,,,,,http://www.aaai.org/ocs/index.php/IJCAI/IJCAI13/paper/viewFile/6903/6466,,IJCAI 13
152,Maximal Recursive Rule: A New Social Decision Scheme,T,1,0,0,0,0,0,0,0,1,,,,,,,,,,,,,,http://www.aaai.org/ocs/index.php/IJCAI/IJCAI13/paper/viewFile/6528/6468,,IJCAI 13
153,Audit Games,T,1,0,0,0,0,0,0,0,0,,,,,,,,,,,,,,http://www.aaai.org/ocs/index.php/IJCAI/IJCAI13/paper/viewFile/6951/6472,,IJCAI 13
154,Externalities in Cake Cutting,T,1,0,1,1,0,0,0,0,0,,,,,,,,,,,,,,http://www.aaai.org/ocs/index.php/IJCAI/IJCAI13/paper/viewFile/6945/6476,,IJCAI 13
155,Are There Any Nicely Structured Preference Profiles Nearby?,T,1,0,0,0,0,0,0,0,0,,,,,,,,,,,,,,http://www.aaai.org/ocs/index.php/IJCAI/IJCAI13/paper/viewFile/6643/6478,,IJCAI 13
156,Kemeny Elections with Bounded Single-Peaked or Single-Crossing Width,T,1,0,1,0,0,0,0,0,1,,,,,,,,,,,,,,http://www.aaai.org/ocs/index.php/IJCAI/IJCAI13/paper/viewFile/6944/6482,,IJCAI 13
157,Control in the Presence of Manipulators: Cooperative and Competitive Cases,T,1,0,0,0,0,0,0,0,1,,,,,,,,,,,,,,http://www.aaai.org/ocs/index.php/IJCAI/IJCAI13/paper/viewFile/6663/6492,,IJCAI 13
158,A Matroid Approach to the Worst Case Allocation of Indivisible Goods,T,1,0,1,0,0,0,0,0,1,,,,,,,,,,,,,,http://www.aaai.org/ocs/index.php/IJCAI/IJCAI13/paper/viewFile/6693/6499,,IJCAI 13
159,Sequential Equilibrium in Computational Games,T,1,0,0,0,0,0,0,0,0,,,,,,,,,,,,,,http://www.aaai.org/ocs/index.php/IJCAI/IJCAI13/paper/viewFile/6823/6509,,IJCAI 13
160,A Social Welfare Optimal Sequential Allocation Procedure,T,0,0,0,0,0,0,0,0,0,,,,,,,,,,,,,,http://www.aaai.org/ocs/index.php/IJCAI/IJCAI13/paper/viewFile/6876/6525,,IJCAI 13
161,An Ambiguity Aversion Framework of Security Games under Ambiguities,T,1,0,0,0,0,0,0,0,0,,,,,,,,,,,,,,http://www.aaai.org/ocs/index.php/IJCAI/IJCAI13/paper/viewFile/6850/6537,,IJCAI 13
162,Control Complexity of Schulze Voting,T,0,0,0,0,0,0,0,0,0,,,,,,,,,,,,,,http://www.aaai.org/ocs/index.php/IJCAI/IJCAI13/paper/viewFile/6962/6542,,IJCAI 13
163,A Proof-Theoretical View of Collective Rationality,T,0,0,0,0,0,0,0,0,1,,,,,,,,,,,,,,http://www.aaai.org/ocs/index.php/IJCAI/IJCAI13/paper/viewFile/6827/6551,,IJCAI 13
164,Fully Proportional Representation as Resource Allocation: Approximability Results,T,0,0,1,1,0,0,0,0,0,,,,,,,,,,,,,,http://www.aaai.org/ocs/index.php/IJCAI/IJCAI13/paper/viewFile/6881/6562,,IJCAI 13
165,Endogenous Boolean Games,T,0,0,0,0,0,0,0,0,1,,,,,,,,,,,,,,http://www.aaai.org/ocs/index.php/IJCAI/IJCAI13/paper/viewFile/6249/6572,,IJCAI 13
166,Multiwinner Elections Under Preferences that Are Single-Peaked on a Tree,T,1,0,1,1,0,0,0,0,1,,,,,,,,,,,,,,http://www.aaai.org/ocs/index.php/IJCAI/IJCAI13/paper/viewFile/6777/6581,,IJCAI 13
167,Using Double-Oracle Method and Serialized Alpha-Beta Search for Pruning in Simultaneous Move Games,E,1,0,0,0,0,0,0,1,0,1,0,0,,,0,0,1,0,0,1,0,,http://www.aaai.org/ocs/index.php/IJCAI/IJCAI13/paper/viewFile/6815/6474,,IJCAI 13
168,Conditional Restricted Boltzmann Machines for Negotiations in Highly Competitive and Complex Domains,E,1,0,1,0,0,0,0,0,0,1,0,0,0,0,0,0,0,0,0,1,0,,http://www.aaai.org/ocs/index.php/IJCAI/IJCAI13/paper/viewFile/6627/6480,,IJCAI 13
169,Intention-Aware Routing to Minimise Delays at Electric Vehicle Charging Stations,E,1,0,1,0,0,0,0,0,1,1,0,0,,,0,0,0,0,0,1,0,,http://www.aaai.org/ocs/index.php/IJCAI/IJCAI13/paper/viewFile/6790/6485,,IJCAI 13
170,Optimally Solving Dec-POMDPs as Continuous-State MDPs,E,1,0,1,0,0,0,0,0,0,1,0,0,,,0,0,1,1,0,1,0,,http://www.aaai.org/ocs/index.php/IJCAI/IJCAI13/paper/viewFile/6958/6487,,IJCAI 13
171,Elicitation and Approximately Stable Matching with Partial Preferences,E,1,0,1,1,0,0,0,0,0,1,0,0,,,0,0,0,0,0,0,0,,http://www.aaai.org/ocs/index.php/IJCAI/IJCAI13/paper/viewFile/6840/6488,,IJCAI 13
172,C-Link: A Hierarchical Clustering approach to Large-Scale Near-Optimal Coalition Formation,E,1,0,1,1,0,0,0,0,1,1,0,0,,,0,0,1,1,0,0,1,,http://www.aaai.org/ocs/index.php/IJCAI/IJCAI13/paper/viewFile/6845/6490,"Referenced data sets, could not find them",IJCAI 13
173,"Action Translation in Extensive-Form Games with Large Action Spaces: Axioms, Paradoxes, and the Pseudo-Harmonic Mapping",E,0,0,1,1,0,0,0,1,0,0,0,0,,,0,0,0,1,0,0,0,,http://www.aaai.org/ocs/index.php/IJCAI/IJCAI13/paper/viewFile/6757/6496,,IJCAI 13
174,Bargaining for Revenue Shares on Tree Trading Networks,E,1,1,1,1,0,0,0,0,1,0,0,0,,,0,0,0,0,0,1,0,,http://www.aaai.org/ocs/index.php/IJCAI/IJCAI13/paper/viewFile/6767/6498,"Pointed to a longer version of the paper at ArchieX, which might have open stuffs in it",IJCAI 13
175,Revenue Maximization via Hiding Item Attributes,E,1,0,1,0,0,0,0,0,0,0,0,0,,,0,0,0,0,1,1,0,,http://www.aaai.org/ocs/index.php/IJCAI/IJCAI13/paper/viewFile/6909/6506,,IJCAI 13
176,Opponent Modelling in Persuasion Dialogues,E,1,0,0,0,0,0,0,0,1,0,0,0,,,0,0,0,0,0,0,0,,http://www.aaai.org/ocs/index.php/IJCAI/IJCAI13/paper/viewFile/6834/6507,,IJCAI 13
177,Why Is It So Hard to Say Sorry? Evolution of Apology with Commitments in the Iterated Prisoner’s Dilemma,E,1,0,1,0,0,0,0,1,0,0,0,0,,,0,0,0,0,0,0,0,,http://www.aaai.org/ocs/index.php/IJCAI/IJCAI13/paper/viewPDFInterstitial/6744/6511,,IJCAI 13
178,The Dynamics of Reinforcement Social Learning in Cooperative Multiagent Systems,E,1,0,1,0,0,0,0,0,0,1,0,0,,,0,0,0,0,0,1,0,,http://www.aaai.org/ocs/index.php/IJCAI/IJCAI13/paper/viewFile/6310/6513,,IJCAI 13
179,Macau: A Basis for Evaluating Reputation Systems,E,1,1,0,0,0,0,0,0,1,1,0,0,,,0,0,0,0,1,1,1,,http://www.aaai.org/ocs/index.php/IJCAI/IJCAI13/paper/viewFile/6854/6515,,IJCAI 13
180,How to Change a Group’s Collective Decision?,E,1,0,1,0,0,0,0,0,0,1,0,0,,,0,0,0,0,0,1,0,,http://www.aaai.org/ocs/index.php/IJCAI/IJCAI13/paper/viewFile/6220/6518,,IJCAI 13
181,A Game-Theoretic Machine Learning Approach for Revenue Maximization in Sponsored Search,E,1,1,0,0,0,0,0,0,1,1,0,0,0,0,0,0,0,0,0,1,0,,http://www.aaai.org/ocs/index.php/IJCAI/IJCAI13/paper/viewFile/6621/6519,,IJCAI 13
182,A Framework to Choose Trust Models for Different E-Marketplace Environments,E,1,0,1,0,0,0,0,0,0,0,0,0,0,0,0,0,0,0,0,1,1,,http://www.aaai.org/ocs/index.php/IJCAI/IJCAI13/paper/viewFile/6584/6521,,IJCAI 13
183,An Intelligent Broker Agent for Energy Trading: An MDP Approach,E,1,0,0,0,0,0,0,0,1,0,0,0,0,0,0,0,0,0,0,1,0,,http://www.aaai.org/ocs/index.php/IJCAI/IJCAI13/paper/viewFile/6738/6528,,IJCAI 13
184,Game-Theoretic Question Selection for Tests,E,1,0,1,0,0,0,0,0,0,1,0,0,,,0,0,1,1,1,1,0,,http://www.aaai.org/ocs/index.php/IJCAI/IJCAI13/paper/viewFile/6842/6533,,IJCAI 13
185,Multi-Winner Social Choice with Incomplete Preferences,E,1,0,1,0,0,0,0,0,0,1,0,0,,,1,0,0,0,1,1,0,,http://www.aaai.org/ocs/index.php/IJCAI/IJCAI13/paper/viewFile/6717/6535,,IJCAI 13
186,Multi-Agent Team Formation: Diversity Beats Strength?,E,1,0,0,0,0,0,0,1,1,0,1,0,0,0,0,0,1,1,1,1,0,,http://www.aaai.org/ocs/index.php/IJCAI/IJCAI13/paper/viewFile/6508/6539,,IJCAI 13
187,Computational Analysis of Connectivity Games with Applications to the Investigation of Terrorist Networks,E,1,1,1,0,0,0,0,0,0,1,0,0,,,0,0,1,0,1,1,1,,http://www.aaai.org/ocs/index.php/IJCAI/IJCAI13/paper/viewFile/6961/6544,"Analyses randomly generated data, which is closed",IJCAI 13
188,Sufficient Plan-Time Statistics for Decentralized POMDPs,E,0,0,0,0,0,0,1,0,1,0,0,0,,,1,0,1,0,1,1,0,,http://www.aaai.org/ocs/index.php/IJCAI/IJCAI13/paper/viewFile/6610/6546,,IJCAI 13
189,Efficient Vote Elicitation under Candidate Uncertainty,E,0,0,1,1,0,0,0,0,0,0,0,0,,,0,0,0,0,0,1,0,,http://www.aaai.org/ocs/index.php/IJCAI/IJCAI13/paper/viewFile/6710/6549,,IJCAI 13
190,Coalitional Games via Network Flows,E,1,0,1,0,0,0,0,0,1,0,0,0,,,0,0,1,1,0,1,0,,http://www.aaai.org/ocs/index.php/IJCAI/IJCAI13/paper/viewFile/7007/6554,,IJCAI 13
191,Opponent Models with Uncertainty for Strategic Argumentation,E,1,0,0,0,0,0,0,0,0,1,0,0,,,0,0,0,0,0,0,0,,http://www.aaai.org/ocs/index.php/IJCAI/IJCAI13/paper/viewFile/6636/6555,,IJCAI 13
192,Bimodal Switching for Online Planning in Multiagent Settings,E,1,0,0,0,0,0,0,0,0,0,0,0,,,0,0,0,1,1,1,0,,http://www.aaai.org/ocs/index.php/IJCAI/IJCAI13/paper/viewFile/6821/6564,,IJCAI 13
193,Analysis and Optimization of Multi-Dimensional Percentile Mechanisms,E,1,0,1,0,0,0,0,0,1,0,0,0,,,0,0,0,0,0,1,0,,http://www.aaai.org/ocs/index.php/IJCAI/IJCAI13/paper/viewFile/6679/6566,,IJCAI 13
194,Multi-Dimensional Single-Peaked Consistency and Its Approximations,E,1,0,1,0,0,0,0,0,0,1,0,0,,,1,0,0,0,0,1,0,,http://www.aaai.org/ocs/index.php/IJCAI/IJCAI13/paper/viewFile/6720/6568,,IJCAI 13
195,An Efficient Vector-Based Representation for Coalitional Games,E,1,0,1,0,0,0,0,0,0,0,0,0,,,0,0,1,1,0,1,0,,http://www.aaai.org/ocs/index.php/IJCAI/IJCAI13/paper/viewFile/6520/6569,,IJCAI 13
196,Monte-Carlo Expectation Maximization for Decentralized POMDPs,E,1,0,0,0,0,0,0,0,1,0,0,0,,,0,0,1,1,0,1,0,,http://www.aaai.org/ocs/index.php/IJCAI/IJCAI13/paper/viewFile/6789/6573,,IJCAI 13
197,Scaling-Up Security Games with Boundedly Rational Adversaries: A Cutting-Plane Approach,E,1,0,0,0,0,0,1,0,1,1,0,0,,,0,0,1,1,0,1,0,,http://www.aaai.org/ocs/index.php/IJCAI/IJCAI13/paper/viewFile/6550/6575,,IJCAI 13
198,Automated Generation of Interaction Graphs for Value-Factored Dec-POMDPs,E,0,1,1,0,0,0,0,0,0,1,0,0,,,0,0,1,0,1,0,1,,http://www.aaai.org/ocs/index.php/IJCAI/IJCAI13/paper/viewFile/6517/6576,,IJCAI 13
199,A Reputation Management Approach for Resource Constrained Trustee Agents,E,1,0,0,0,0,0,1,0,0,1,0,0,,,0,0,0,0,1,1,0,,http://www.aaai.org/ocs/index.php/IJCAI/IJCAI13/paper/viewFile/6186/6579,,IJCAI 13
200,On Random Quotas and Proportional Representation in Weighted Voting Games,E,0,0,0,0,0,0,1,0,1,0,0,0,,,0,0,0,0,0,1,0,,http://www.aaai.org/ocs/index.php/IJCAI/IJCAI13/paper/viewFile/6682/6582,,IJCAI 13
201,Agreement on Target-Bidirectional LSTMs for Sequence-to-Sequence Learning,E,1,0,0,0,0,0,0,0,1,0,1,0,0,0,1,0,0,0,0,1,1,"Lemao Liu, Andrew Finch, Masao Utiyama, Eiichiro Sumita",http://www.aaai.org/ocs/index.php/AAAI/AAAI16/paper/viewFile/12028/11999,,AAAI 16
202,Group and Graph Joint Sparsity for Linked Data Classification,E,1,0,0,0,0,0,0,0,1,0,0,0,,,0,0,0,0,0,0,1,"Longwen Gao, Shuigeng Zhou",http://www.aaai.org/ocs/index.php/AAAI/AAAI16/paper/viewFile/11798/11774,,AAAI 16
203,Using Multiple Representations to Simultaneously Learn Computational Thinking and Middle School Science,E,1,0,0,0,1,1,0,0,0,0,0,0,,,0,0,0,0,0,0,0,"Satabdi Basu, Gautam Biswas, John S. Kinnebrew",http://www.aaai.org/ocs/index.php/AAAI/AAAI16/paper/viewFile/12390/12150,,AAAI 16
204,Understanding Emerging Spatial Entities,E,1,0,1,1,0,1,0,0,1,0,0,0,0,0,0,0,0,0,1,0,1,"Jinyoung Yeo, Jin-woo Park, Seung-won Hwang",http://www.aaai.org/ocs/index.php/AAAI/AAAI16/paper/viewFile/12327/11598,,AAAI 16
205,Who Can Win a Single-Elimination Tournament?,T,1,0,1,0,0,0,0,0,0,,,,,,,,,,,,,"Michael P. Kim, Warut Suksompong, Virginia Vassilevska Williams",http://www.aaai.org/ocs/index.php/AAAI/AAAI16/paper/viewFile/12194/11628,,AAAI 16
206,Deep Learning for Algorithm Portfolios,E,1,1,0,0,0,0,0,0,0,0,0,0,1,0,0,0,0,1,0,0,0,"Andrea Loreggia, Yuri Malitsky, Horst Samulowitz, Vijay Saraswat",http://www.aaai.org/ocs/index.php/AAAI/AAAI16/paper/viewFile/12274/11734,,AAAI 16
207,Infinite Plaid Models for Infinite Bi-Clustering,E,1,1,0,0,0,0,0,0,1,0,1,1,,,1,0,0,0,1,0,1,"Katsuhiko Ishiguro, Issei Sato, Masahiro Nakano, Akisato Kimura, Naonori Ueda",http://www.aaai.org/ocs/index.php/AAAI/AAAI16/paper/viewFile/11786/11793,,AAAI 16
208,Indexable Probabilistic Matrix Factorization for Maximum Inner Product Search,E,1,1,1,0,0,0,0,0,0,0,0,0,1,0,1,0,0,0,1,0,0,"Marco Fraccaro, Ulrich Paquet, Ole Winther",http://www.aaai.org/ocs/index.php/AAAI/AAAI16/paper/viewFile/12029/11772,,AAAI 16
209,"ConTaCT: Deciding to Communicate during Time-Critical Collaborative Tasks in Unknown, Deterministic Domains",E,1,0,1,0,0,0,0,0,1,1,0,0,,,0,0,0,0,0,0,0,"Vaibhav V. Unhelkar, Julie A. Shah",http://www.aaai.org/ocs/index.php/AAAI/AAAI16/paper/viewFile/11913/11910,,AAAI 16
210,On the Depth of Deep Neural Networks: A Theoretical View,E,1,1,0,0,0,0,0,0,0,0,0,0,1,1,1,0,0,0,1,0,0,"Shizhao Sun, Wei Chen, Liwei Wang, Xiaoguang Liu, Tie-Yan Liu",http://www.aaai.org/ocs/index.php/AAAI/AAAI16/paper/viewFile/12073/11843,,AAAI 16
211,Sparse Latent Space Policy Search,E,1,0,0,0,0,0,0,0,0,1,0,0,,,0,0,0,0,1,1,0,"Kevin Sebastian Luck, Joni Pajarinen, Erik Berger, Ville Kyrki, Heni Ben Amor",http://www.aaai.org/ocs/index.php/AAAI/AAAI16/paper/viewFile/12275/11822,,AAAI 16
212,Teaching-to-Learn and Learning-to-Teach for Multi-label Propagation,E,1,1,0,0,0,0,0,0,0,1,0,0,1,1,1,0,0,0,0,0,0,"Chen Gong, Dacheng Tao, Jie Yang, Wei Liu",http://www.aaai.org/ocs/index.php/AAAI/AAAI16/paper/viewFile/11780/11780,,AAAI 16
213,Complexity of Shift Bribery in Committee Elections,T,1,0,1,0,0,0,0,0,0,,,,,,,,,,,,,"Robert Bredereck, Piotr Faliszewski, Rolf Niedermeier, Nimrod Talmon",http://www.aaai.org/ocs/index.php/AAAI/AAAI16/paper/viewFile/12362/11897,,AAAI 16
214,Topic Concentration in Query Focused Summarization Datasets,E,1,0,0,1,0,0,1,0,0,0,1,0,,,1,0,0,0,1,0,0,"Tal Baumel, Raphael Cohen, Michael Elhadad",http://www.aaai.org/ocs/index.php/AAAI/AAAI16/paper/viewFile/11939/11989,,AAAI 16
215,Metric Embedded Discriminative Vocabulary Learning for High-Level Person Representation,E,1,0,0,0,0,0,0,0,1,1,0,0,1,0,0,0,0,0,1,1,0,"Yang Yang, Zhen Lei, Shifeng Zhang, Hailin Shi, Stan Z. Li",http://www.aaai.org/ocs/index.php/AAAI/AAAI16/paper/viewFile/12213/12142,,AAAI 16
216,Deep Contextual Networks for Neuronal Structure Segmentation,E,1,0,0,0,0,0,0,0,0,0,0,0,1,0,1,1,1,0,1,1,1,"Hao Chen, Xiao Juan Qi, Jie Zhi Cheng, Pheng Ann Heng",http://www.aaai.org/ocs/index.php/AAAI/AAAI16/paper/viewFile/11789/11718,,AAAI 16
217,Optimal Discrete Matrix Completion,E,1,0,0,0,0,0,0,0,0,1,0,0,0,0,0,0,0,0,0,1,0,"Zhouyuan Huo, Ji Liu, Heng Huang",http://www.aaai.org/ocs/index.php/AAAI/AAAI16/paper/viewFile/12404/11791,,AAAI 16
218,Fusing Social Networks with Deep Learning for Volunteerism Tendency Prediction,E,1,1,1,0,0,0,0,0,1,0,0,0,1,0,0,0,0,0,1,1,1,"Yongpo Jia, Xuemeng Song, Jingbo Zhou, Li Liu, Liqiang Nie, David S. Rosenblum",http://www.aaai.org/ocs/index.php/AAAI/AAAI16/paper/viewFile/12229/11579,,AAAI 16
219,Active Learning with Cross-Class Knowledge Transfer,E,1,0,1,1,0,0,0,0,1,1,0,0,1,0,0,0,0,0,1,1,0,"Yuchen Guo, Guiguang Ding, Yuqi Wang, Xiaoming Jin",http://www.aaai.org/ocs/index.php/AAAI/AAAI16/paper/viewFile/11976/11782,,AAAI 16
220,What Happens Next? Event Prediction Using a Compositional Neural Network Model,E,1,0,1,0,0,0,0,0,1,0,1,1,1,1,1,0,0,0,1,1,0,"Mark Granroth-Wilding, Stephen Clark",http://www.aaai.org/ocs/index.php/AAAI/AAAI16/paper/viewFile/11995/12015,,AAAI 16
221,A Generative Model of Words and Relationships from Multiple Sources,E,1,0,0,0,0,0,0,0,0,0,1,1,1,0,0,0,0,0,1,1,0,"Stephanie L. Hyland, Theofanis Karaletsos, Gunnar Rätsch",http://www.aaai.org/ocs/index.php/AAAI/AAAI16/paper/viewFile/12446/11998,,AAAI 16
222,Learning Statistical Scripts with LSTM Recurrent Neural Networks,E,1,0,0,0,0,0,0,0,0,0,0,0,0,0,0,0,0,1,1,1,1,"Karl Pichotta, Raymond J. Mooney",http://www.aaai.org/ocs/index.php/AAAI/AAAI16/paper/viewFile/12157/12025,,AAAI 16
223,Learning to Generate Posters of Scientific Papers,E,1,1,0,0,0,0,0,0,1,1,0,0,0,0,0,0,1,0,1,0,1,"Yuting Qiang, Yanwei Fu, Yanwen Guo, Zhi-Hua Zhou, Leonid Sigal",http://www.aaai.org/ocs/index.php/AAAI/AAAI16/paper/viewFile/11979/11563,,AAAI 16
224,Recognizing Complex Activities by a Probabilistic Interval-Based Model,E,1,0,1,0,0,0,0,0,0,1,0,0,1,0,0,0,0,1,1,1,0,"Li Liu, Li Cheng, Ye Liu, Yongpo Jia, David S. Rosenblum",http://www.aaai.org/ocs/index.php/AAAI/AAAI16/paper/viewFile/12021/11732,,AAAI 16
225,Efficient Computation of Emergent Equilibrium in Agent-Based Simulation,E,1,1,0,0,0,0,0,0,1,1,0,0,,,0,0,1,0,0,1,0,"Zehong Hu, Meng Sha, Moath Jarrah, Jie Zhang, Hui Xi",http://www.aaai.org/ocs/index.php/AAAI/AAAI16/paper/viewFile/12207/11904,,AAAI 16
226,Survival Prediction by an Integrated Learning Criterion on Intermittently Varying Healthcare Data,E,1,0,0,0,0,0,0,0,1,0,0,0,0,0,0,0,0,0,1,1,1,"Jianfei Zhang, Lifei Chen, Alain Vanasse, Josiane Courteau, Shengrui Wang",http://www.aaai.org/ocs/index.php/AAAI/AAAI16/paper/viewFile/11873/11566,,AAAI 16
227,Truncated Approximate Dynamic Programming with Task-Dependent Terminal Value,E,1,2,1,0,0,0,0,0,0,1,0,0,0,0,0,0,0,0,0,1,0,"Amir-massoud Farahmand, Daniel N. Nikovski, Yuji Igarashi, Hiroki Konaka",http://www.aaai.org/ocs/index.php/AAAI/AAAI16/paper/viewFile/11924/12070,,AAAI 16
228,Non-Linear Similarity Learning for Compositionality,E,1,0,0,1,0,1,1,0,1,0,0,0,1,1,1,0,0,0,1,1,0,"Masashi Tsubaki, Kevin Duh, Masashi Shimbo, Yuji Matsumoto",http://www.aaai.org/ocs/index.php/AAAI/AAAI16/paper/viewFile/12373/12029,,AAAI 16
229,Graphical Hedonic Games of Bounded Treewidth,T,1,0,0,0,0,0,0,0,0,,,,,,,,,,,,,Dominik Peters,http://www.aaai.org/ocs/index.php/AAAI/AAAI16/paper/viewFile/12400/11638,,AAAI 16
230,"All-in Text: Learning Document, Label, and Word Representations Jointly",E,1,0,1,0,0,0,0,0,0,1,0,0,1,0,1,0,1,0,0,1,1,"Jinseok Nam, Eneldo Loza Mencía, Johannes Fürnkranz",http://www.aaai.org/ocs/index.php/AAAI/AAAI16/paper/viewFile/12058/11827,,AAAI 16
231,Labeling the Semantic Roles of Commas,E,1,0,1,0,0,0,0,0,0,0,0,0,1,1,1,0,0,0,1,0,0,"Naveen Arivazhagan, Christos Christodoulopoulos, Dan Roth",http://www.aaai.org/ocs/index.php/AAAI/AAAI16/paper/viewFile/12530/12037,,AAAI 16
232,Asynchronous Distributed Semi-Stochastic Gradient Optimization,E,1,0,1,0,0,0,0,0,0,1,0,0,1,0,0,0,1,1,0,0,0,"Ruiliang Zhang, Shuai Zheng, James T. Kwok",http://www.aaai.org/ocs/index.php/AAAI/AAAI16/paper/viewFile/12352/11879,,AAAI 16
233,Surprise-Triggered Reformulation of Design Goals,T,0,0,0,0,0,0,0,0,1,,,,,,,,,,,,,"Kazjon Grace, Mary Lou Maher",http://www.aaai.org/ocs/index.php/AAAI/AAAI16/paper/viewFile/12456/12153,,AAAI 16
234,Multi-View 3D Human Tracking in Crowded Scenes,E,1,0,0,1,0,0,0,0,1,1,0,0,0,0,0,0,1,0,1,0,1,Xiaobai Liu,http://www.aaai.org/ocs/index.php/AAAI/AAAI16/paper/viewFile/12221/12129,,AAAI 16
235,Unsupervised Feature Selection on Networks: A Generative View,E,1,0,1,1,0,0,0,0,0,1,0,0,1,0,0,0,0,1,0,1,1,"Xiaokai Wei, Bokai Cao, Philip S. Yu",http://www.aaai.org/ocs/index.php/AAAI/AAAI16/paper/viewFile/12463/11864,,AAAI 16
236,Discriminative Analysis Dictionary Learning,E,1,0,0,0,0,0,0,0,1,1,0,0,1,0,0,0,1,1,0,1,0,"Jun Guo, Yanqing Guo, Xiangwei Kong, Man Zhang, Ran He",http://www.aaai.org/ocs/index.php/AAAI/AAAI16/paper/viewFile/11918/11781,,AAAI 16
237,MC-HOG Correlation Tracking with Saliency Proposal,E,1,0,1,0,0,0,0,0,1,0,0,0,0,0,1,0,1,0,1,1,0,"Guibo Zhu, Jinqiao Wang, Yi Wu, Xiaoyu Zhang, Hanqing Lu",http://www.aaai.org/ocs/index.php/AAAI/AAAI16/paper/viewFile/11986/12148,,AAAI 16
238,Using the Shapley Value to Analyze Algorithm Portfolios,T,0,0,1,0,0,0,0,0,0,,,,,,,,,,,,,"Alexandre Fréchette, Lars Kotthoff, Tomasz Michalak, Talal Rahwan, Holger H. Hoos, Kevin Leyton-Brown",http://www.aaai.org/ocs/index.php/AAAI/AAAI16/paper/viewFile/12495/12107,,AAAI 16
239,Ad Auctions and Cascade Model: GSP Inefficiency and Algorithms,E,1,0,1,0,0,0,0,0,1,1,0,0,,,0,0,1,1,1,1,0,"Gabriele Farina, Nicola Gatti",http://www.aaai.org/ocs/index.php/AAAI/AAAI16/paper/viewFile/12159/11624,,AAAI 16
240,Exploiting an Oracle That Reports AUC Scores in Machine Learning Contests,T,0,0,0,1,0,0,0,0,1,,,,,,,,,,,,,Jacob Whitehill,http://www.aaai.org/ocs/index.php/AAAI/AAAI16/paper/viewFile/11767/11743,,AAAI 16
241,A Probabilistic Soft Logic Based Approach to Exploiting Latent and Global Information in Event Classification,E,1,0,1,1,0,0,0,0,1,0,0,0,1,0,1,0,0,0,0,1,1,"Shulin Liu, Kang Liu, Shizhu He, Jun Zhao",http://www.aaai.org/ocs/index.php/AAAI/AAAI16/paper/viewFile/11990/12052,,AAAI 16
242,Fast Optimal Clearing of Capped-Chain Barter Exchanges,E,1,0,1,0,0,0,0,0,0,0,0,0,,,1,0,1,0,1,0,0,"Benjamin Plaut, John P. Dickerson, Tuomas Sandholm",http://www.aaai.org/ocs/index.php/AAAI/AAAI16/paper/viewFile/12494/11640,,AAAI 16
243,An Efficient Time Series Subsequence Pattern Mining and Prediction Framework with an Application to Respiratory Motion Prediction ,E,1,0,1,0,0,0,0,0,0,0,0,0,0,0,0,0,0,0,0,1,1,"Shouyi Wang, Kinming Kam, Cao Xiao, Stephen Bowen, Wanpracha Art Chaovalitwongse",http://www.aaai.org/ocs/index.php/AAAI/AAAI16/paper/viewFile/12544/11856,,AAAI 16
244,Causal Explanation Under Indeterminism: A Sampling Approach,E,1,0,0,0,0,0,0,0,1,1,1,0,,,0,0,0,0,1,1,0,"Christopher A. Merck, Samantha Kleinberg",http://www.aaai.org/ocs/index.php/AAAI/AAAI16/paper/viewFile/11953/11700,,AAAI 16
245,Creating Images by Learning Image Semantics Using Vector Space Models,E,1,0,0,1,0,0,0,0,1,0,0,0,0,0,0,0,0,0,0,1,1,"Derrall Heath, Dan Ventura",http://www.aaai.org/ocs/index.php/AAAI/AAAI16/paper/viewFile/11961/11723,,AAAI 16
246,Basic Probabilistic Ontological Data Exchange with Existential Rules,T,0,0,1,0,0,0,0,0,1,,,,,,,,,,,,,"Thomas Lukasiewicz, Maria Vanina Martinez, Livia Predoiu, Gerardo I. Simari",http://www.aaai.org/ocs/index.php/AAAI/AAAI16/paper/viewFile/12243/11698,,AAAI 16
247,Behavioral Experiments in Email Filter Evasion,E,0,0,1,1,0,0,1,0,0,0,0,0,0,0,1,0,1,0,0,1,0,"Liyiming Ke, Bo Li, Yevgeniy Vorobeychik",http://www.aaai.org/ocs/index.php/AAAI/AAAI16/paper/viewFile/11817/11671,Links to supplemental report,AAAI 16
248,Combining Bounding Boxes and JPS to Prune Grid Pathfinding,E,1,0,1,1,0,0,0,0,0,1,0,0,,,1,0,1,0,1,1,1,"Steve Rabin, Nathan R. Sturtevant",http://www.aaai.org/ocs/index.php/AAAI/AAAI16/paper/viewFile/12336/11660,,AAAI 16
249,Closed-Form Gibbs Sampling for Graphical Models with Algebraic Constraints,E,1,0,0,0,0,0,0,0,1,0,0,0,,,0,0,1,0,1,1,1,"Hadi Mohasel Afshar, Scott Sanner, Christfried Webers",http://www.aaai.org/ocs/index.php/AAAI/AAAI16/paper/viewFile/12068/12092,,AAAI 16
250,A Semi-Supervised Learning Approach to Why-Question Answering,E,1,0,1,0,0,0,1,0,1,1,0,0,0,0,0,0,0,0,1,1,1,"Jong-Hoon Oh, Kentaro Torisawa, Chikara Hashimoto, Ryu Iida, Masahiro Tanaka, Julien Kloetzer",http://www.aaai.org/ocs/index.php/AAAI/AAAI16/paper/viewFile/12208/12056,,AAAI 16
251,Structured Features in Naive Bayes Classification,E,1,0,0,1,0,0,0,0,0,0,0,0,0,0,0,0,0,0,0,0,0,"Arthur Choi, Nazgol Tavabi, Adnan Darwiche",http://www.aaai.org/ocs/index.php/AAAI/AAAI16/paper/viewFile/12487/12085,,AAAI 16
252,Discrete Image Hashing Using Large Weakly Annotated Photo Collections,E,1,0,1,0,0,0,0,0,0,1,0,0,1,0,1,0,0,0,1,1,1,"Hanwang Zhang, Na Zhao, Xindi Shang, Huanbo Luan, Tat-seng Chua",http://www.aaai.org/ocs/index.php/AAAI/AAAI16/paper/viewFile/12017/12145,,AAAI 16
253,Complexity Results and Algorithms for Extension Enforcement in Abstract Argumentation,E,1,0,1,0,0,0,0,0,1,1,1,1,,,1,0,1,1,1,1,0,"Johannes P. Wallner, Andreas Niskanen, Matti Järvisalo",http://www.aaai.org/ocs/index.php/AAAI/AAAI16/paper/viewFile/12228/11707,Great example of providing source,AAAI 16
254,Verb Pattern: A Probabilistic Semantic Representation on Verbs,E,1,1,1,1,0,0,0,0,1,0,0,0,1,1,1,0,0,0,0,1,1,"Wanyun Cui, Xiyou Zhou, Hangyu Lin, Yanghua Xiao, Haixun Wang, Seung-won Hwang, Wei Wang",http://www.aaai.org/ocs/index.php/AAAI/AAAI16/paper/viewFile/12398/11991,,AAAI 16
255,Co-Occurrence Feature Learning for Skeleton Based Action Recognition Using Regularized Deep LSTM Networks,E,1,1,1,0,0,0,0,0,0,0,0,0,1,1,0,0,0,0,1,1,0,"Wentao Zhu, Cuiling Lan, Junliang Xing, Wenjun Zeng, Yanghao Li, Li Shen, Xiaohui Xie",http://www.aaai.org/ocs/index.php/AAAI/AAAI16/paper/viewFile/11989/12149,,AAAI 16
256,Temporal Vaccination Games under Resource Constraints,T,1,0,1,0,0,0,0,0,1,,,,,,,,,,,,,"Abhijin Adiga, Anil Vullikanti",http://www.aaai.org/ocs/index.php/AAAI/AAAI16/paper/viewFile/12526/11895,,AAAI 16
257,QART: A System for Real-Time Holistic Quality Assurance for Contact Center Dialogues,E,1,2,0,0,0,0,0,0,0,0,0,0,0,0,0,0,0,1,0,0,1,"Shourya Roy, Ragunathan Mariappan, Sandipan Dandapat, Saurabh Srivastava, Sainyam Galhotra, Balaji Peddamuthu",http://www.aaai.org/ocs/index.php/AAAI/AAAI16/paper/viewFile/12305/12159,,AAAI 16
258,Bayesian Matrix Completion via Adaptive Relaxed Spectral Regularization,E,1,0,0,0,0,0,0,0,0,0,0,0,1,0,0,0,0,0,0,1,1,"Yang Song, Jun Zhu",http://www.aaai.org/ocs/index.php/AAAI/AAAI16/paper/viewFile/12007/11840,,AAAI 16
259,An Oral Exam for Measuring a Dialog System's Capabilities,T,1,0,0,0,0,0,0,0,1,,,,,,,,,,,,,"David Cohen, Ian Lane",http://www.aaai.org/ocs/index.php/AAAI/AAAI16/paper/viewFile/12506/11672,,AAAI 16
260,Predicting the Next Location: A Recurrent Model with Spatial and Temporal Contexts,E,1,0,0,0,0,0,0,0,1,0,0,0,1,0,0,0,0,0,1,1,1,"Qiang Liu, Shu Wu, Liang Wang, Tieniu Tan",http://www.aaai.org/ocs/index.php/AAAI/AAAI16/paper/viewFile/11900/11583,,AAAI 16
261,Dynamic Concept Composition for Zero-Example Event Detection,E,1,0,1,1,0,0,0,0,1,0,0,0,0,0,0,0,0,0,1,0,0,"Xiaojun Chang, Yi Yang, Guodong Long, Chengqi Zhang, Alexander G. Hauptmann",http://www.aaai.org/ocs/index.php/AAAI/AAAI16/paper/viewFile/12499/12116,,AAAI 16
262,Learning Market Parameters Using Aggregate Demand Queries,T,1,1,1,1,0,0,0,0,1,,,,,,,,,,,,,"Xiaohui Bei, Wei Chen, Jugal Garg, Martin Hoefer, Xiaoming Sun",http://www.aaai.org/ocs/index.php/AAAI/AAAI16/paper/viewFile/12052/11612,,AAAI 16
263,Separators and Adjustment Sets in Markov Equivalent DAGs,T,1,0,1,0,0,0,0,0,0,,,,,,,,,,,,,"Benito van der Zander, Maciej Liskiewicz",http://www.aaai.org/ocs/index.php/AAAI/AAAI16/paper/viewFile/12363/12096,,AAAI 16
264,Intelligent Advice Provisioning for Repeated Interaction,E,1,0,0,0,0,0,0,0,0,0,0,0,0,0,0,0,0,0,0,1,1,"Priel Levy, David Sarne",http://www.aaai.org/ocs/index.php/AAAI/AAAI16/paper/viewFile/11954/11673,,AAAI 16
265,Understanding Dominant Factors for Precipitation over the Great Lakes Region,E,1,0,0,1,0,0,0,0,0,0,0,0,0,0,0,0,0,0,1,0,0,"Soumyadeep Chatterjee, Stefan Liess, Arindam Banerjee, Vipin Kumar",http://www.aaai.org/ocs/index.php/AAAI/AAAI16/paper/viewFile/12179/12166,Points to supplemental pdf.,AAAI 16
266,Affinity Preserving Quantization for Hashing: A Vector Quantization Approach to Learning Compact Binary Codes,E,1,0,0,0,0,0,0,0,1,1,0,0,1,0,0,0,1,0,1,0,1,"Zhe Wang, Ling-Yu Duan, Tiejun Huang, Gao Wen",http://www.aaai.org/ocs/index.php/AAAI/AAAI16/paper/viewFile/12117/11709,,AAAI 16
267,Semisupervised Autoencoder for Sentiment Analysis,E,1,0,1,0,0,0,0,0,0,0,0,0,1,0,1,0,0,0,1,1,0,"Shuangfei Zhai, Zhongfei (Mark) Zhang",http://www.aaai.org/ocs/index.php/AAAI/AAAI16/paper/viewFile/12059/11750,,AAAI 16
268,Adaptable Regression Method for Ensemble Consensus Forecasting,E,1,2,0,0,0,0,0,0,0,0,0,0,0,0,0,0,0,0,0,1,0,"John K. Williams, Peter P. Neilley, Joseph P. Koval, Jeff McDonald",http://www.aaai.org/ocs/index.php/AAAI/AAAI16/paper/viewFile/12492/12179,,AAAI 16
269,"ExTaSem! Extending, Taxonomizing and Semantifying Domain Terminologies",E,1,0,0,0,0,0,0,0,0,1,0,0,1,0,0,0,0,0,1,1,0,"Luis Espinosa-Anke, Horacio Saggion, Francesco Ronzano, Roberto Navigli",http://www.aaai.org/ocs/index.php/AAAI/AAAI16/paper/viewFile/12219/11992,,AAAI 16
270,A Unifying Variational Inference Framework for Hierarchical Graph-Coupled HMM with an Application to Influenza Infection,E,1,0,0,0,0,0,0,0,0,1,0,0,0,0,0,0,0,0,0,0,0,"Kai Fan, Chunyuan Li, Katherine Heller",http://www.aaai.org/ocs/index.php/AAAI/AAAI16/paper/viewFile/11865/12167,Points to supplementary material,AAAI 16
271,Alternative Filtering for the Weighted Circuit Constraint: Comparing Lower Bounds for the TSP and Solving TSPTW,E,1,0,0,0,0,0,0,0,1,0,0,0,,,1,0,1,1,0,0,0,"Sylvain Ducomman, Hadrien Cambazard, Bernard Penz",http://www.aaai.org/ocs/index.php/AAAI/AAAI16/paper/viewFile/12079/12106,,AAAI 16
272,Random Mixed Field Model for Mixed-Attribute Data Restoration,E,1,0,0,0,0,0,0,0,1,0,0,0,1,0,1,0,0,1,0,1,0,"Qiang Li, Wei Bian, Richard Yi Da Xu, Jane You, Dacheng Tao",http://www.aaai.org/ocs/index.php/AAAI/AAAI16/paper/viewFile/11796/11729,,AAAI 16
273,Semi-Supervised Multinomial Naive Bayes for Text Classification by Leveraging Word-Level Statistical Constraint,E,1,1,1,0,0,0,0,0,1,0,0,0,0,0,1,0,0,0,1,1,1,"Li Zhao, Minlie Huang, Ziyu Yao, Rongwei Su, Yingying Jiang, Xiaoyan Zhu",http://www.aaai.org/ocs/index.php/AAAI/AAAI16/paper/viewFile/12019/12036,,AAAI 16
274,Temporal Topic Analysis with Endogenous and Exogenous Processes,E,1,0,1,0,0,0,0,0,1,0,0,0,0,0,0,0,0,0,0,1,1,"Baiyang Wang, Diego Klabjan",http://www.aaai.org/ocs/index.php/AAAI/AAAI16/paper/viewFile/11951/12059,,AAAI 16
275,Little Is Much: Bridging Cross-Platform Behaviors through Overlapped Crowds,E,1,1,1,1,0,1,0,0,1,1,0,0,0,0,0,0,0,0,0,0,1,"Meng Jiang, Peng Cui, Nicholas Jing Yuan, Xing Xie, Shiqiang Yang",http://www.aaai.org/ocs/index.php/AAAI/AAAI16/paper/viewFile/12009/11557,,AAAI 16
276,Multi-Stage Multi-Task Learning with Reduced Rank,E,1,0,1,0,0,0,0,0,0,1,0,0,1,0,0,0,0,0,0,1,0,"Lei Han, Yu Zhang",http://www.aaai.org/ocs/index.php/AAAI/AAAI16/paper/viewFile/12166/11784,"Supplementary material for proofs, not experiments",AAAI 16
277,Multi-Objective Self-Paced Learning,E,1,0,0,0,0,0,0,0,0,1,0,0,1,0,0,0,0,0,1,0,0,"Hao Li, Maoguo Gong, Deyu Meng, Qiguang Miao",http://www.aaai.org/ocs/index.php/AAAI/AAAI16/paper/viewFile/12131/11807,,AAAI 16
278,Linear-Time Learning on Distributions with Approximate Kernel Embeddings,E,1,0,0,0,0,0,0,0,0,0,0,0,0,0,0,0,0,0,1,1,1,"Dougal J. Sutherland, Junier B. Oliva, Barnabás Póczos, Jeff Schneider",http://www.aaai.org/ocs/index.php/AAAI/AAAI16/paper/viewFile/12460/11844,,AAAI 16
279,Counting-Based Search for Constraint Optimization Problems,E,1,0,1,0,0,0,0,0,1,1,0,0,,,0,0,1,1,1,1,0,Gilles Pesant,http://www.aaai.org/ocs/index.php/AAAI/AAAI16/paper/viewFile/12065/12113,,AAAI 16
280,Price of Pareto Optimality in Hedonic Games,T,0,0,0,0,0,0,0,0,1,,,,,,,,,,,,,"Edith Elkind, Angelo Fanelli, Michele Flammini",http://www.aaai.org/ocs/index.php/AAAI/AAAI16/paper/viewFile/12402/11622,,AAAI 16
281,Optimizing Resilience in Large Scale Networks,E,1,0,1,1,0,0,0,0,1,1,0,0,1,0,0,0,1,0,1,1,0,"Xiaojian Wu, Daniel Sheldon, Shlomo Zilberstein",http://www.aaai.org/ocs/index.php/AAAI/AAAI16/paper/viewFile/12311/12180,,AAAI 16
282,"Look, Listen and Learn — A Multimodal LSTM for Speaker Identification",E,1,1,0,1,0,0,0,0,1,0,1,1,1,0,1,0,0,0,0,1,1,"Jimmy Ren, Yongtao Hu, Yu-Wing Tai, Chuan Wang, Li Xu, Wenxiu Sun, Qiong Yan",http://www.aaai.org/ocs/index.php/AAAI/AAAI16/paper/viewFile/12386/12133,,AAAI 16
283,Reading Scene Text in Deep Convolutional Sequences,E,1,0,0,1,0,0,0,0,0,0,0,0,1,0,0,0,0,0,1,1,0,"Pan He, Weilin Huang, Yu Qiao, Chen Change Loy, Xiaoou Tang",http://www.aaai.org/ocs/index.php/AAAI/AAAI16/paper/viewFile/12256/12121,,AAAI 16
284,Qualitative Spatio-Temporal Stream Reasoning with Unobservable Intertemporal Spatial Relations Using Landmarks,T,1,0,1,0,0,0,0,0,1,,,,,,,,,,,,,"Daniel de Leng, Fredrik Heintz",http://www.aaai.org/ocs/index.php/AAAI/AAAI16/paper/viewFile/12077/11689,,AAAI 16
285,Mitosis Detection in Breast Cancer Histology Images via Deep Cascaded Networks,E,1,0,0,0,0,0,0,0,0,0,0,0,1,0,0,0,1,0,0,1,1,"Hao Chen, Qi Dou, Xi Wang, Jing Qin, Pheng Ann Heng",http://www.aaai.org/ocs/index.php/AAAI/AAAI16/paper/viewFile/11788/11717,,AAAI 16
286,Text Classification with Heterogeneous Information Network Kernels,E,1,0,1,0,0,0,0,0,1,0,0,0,1,0,0,0,0,0,1,1,0,"Chenguang Wang, Yangqiu Song, Haoran Li, Ming Zhang, Jiawei Han",http://www.aaai.org/ocs/index.php/AAAI/AAAI16/paper/viewFile/12392/11852,,AAAI 16
287,Group Cost-Sensitive Boosting for Multi-Resolution Pedestrian Detection,E,1,0,1,0,0,0,0,0,0,1,0,0,1,0,1,0,0,1,1,1,1,"Chao Zhu, Yuxin Peng",http://www.aaai.org/ocs/index.php/AAAI/AAAI16/paper/viewFile/11898/12146,,AAAI 16
288,Learning Continuous-Time Bayesian Networks in Relational Domains: A Non-Parametric Approach,E,1,1,0,0,0,0,0,0,1,1,0,0,,,1,0,0,0,1,0,0,"Shuo Yang, Tushar Khot, Kristian Kersting, Sriraam Natarajan",http://www.aaai.org/ocs/index.php/AAAI/AAAI16/paper/viewFile/11955/11871,,AAAI 16
289,Learning Future Classifiers without Additional Data,E,1,2,0,1,0,0,0,0,0,0,0,0,0,0,0,0,0,0,1,1,0,"Atsutoshi Kumagai, Tomoharu Iwata",http://www.aaai.org/ocs/index.php/AAAI/AAAI16/paper/viewFile/11877/11803,,AAAI 16
290,Preconditioned Stochastic Gradient Langevin Dynamics for Deep Neural Networks,E,1,0,0,0,0,0,0,0,0,1,1,1,1,1,1,1,0,0,1,1,0,"Chunyuan Li, Changyou Chen, David Carlson, Lawrence Carin",http://www.aaai.org/ocs/index.php/AAAI/AAAI16/paper/viewFile/11835/11805,Links to appendix which links to code,AAAI 16
291,A Framework for Outlier Description Using Constraint Programming,E,1,0,1,0,0,0,0,0,1,0,0,0,,,0,0,0,0,0,1,0,"Chia-Tung Kuo, Ian Davidson",http://www.aaai.org/ocs/index.php/AAAI/AAAI16/paper/viewFile/12338/11728,,AAAI 16
292,Detection of Plan Deviation in Multi-Agent Systems,E,0,1,0,0,0,0,0,0,0,0,0,0,,,1,0,0,0,1,1,0,"Bikramjit Banerjee, Steven Loscalzo, Daniel Lucas Thompson",http://www.aaai.org/ocs/index.php/AAAI/AAAI16/paper/viewFile/12429/11896,,AAAI 16
293,On the Containment of SPARQL Queries under Entailment Regimes,T,1,0,0,0,0,0,0,0,1,,,,,,,,,,,,,Melisachew Wudage Chekol,http://www.aaai.org/ocs/index.php/AAAI/AAAI16/paper/viewFile/12027/11686,,AAAI 16
294,Implicit Discourse Relation Classification via Multi-Task Neural Networks,E,1,1,0,1,0,0,0,0,0,0,0,0,1,1,1,0,0,0,1,1,1,"Yang Liu, Sujian Li, Xiaodong Zhang, Zhifang Sui",http://www.aaai.org/ocs/index.php/AAAI/AAAI16/paper/viewFile/11831/12018,,AAAI 16
295,"Learning the Preferences of Ignorant, Inconsistent Agents",E,0,0,0,1,0,1,0,0,0,0,0,0,0,0,0,0,0,0,1,0,0,"Owain Evans, Andreas Stuhlmueller, Noah Goodman",http://www.aaai.org/ocs/index.php/AAAI/AAAI16/paper/viewFile/12476/11601,,AAAI 16
296,Approximate Probabilistic Inference via Word-Level Counting,E,1,0,0,0,0,0,0,0,1,1,0,0,,,0,0,1,0,1,1,0,"Supratik Chakraborty, Kuldeep S. Meel, Rakesh Mistry, Moshe Y. Vardi",http://www.aaai.org/ocs/index.php/AAAI/AAAI16/paper/viewFile/11945/12083,Points to extended paper on arxiv,AAAI 16
297,Learning with Marginalized Corrupted Features and Labels Together,E,1,0,1,1,0,0,0,0,0,1,0,0,1,0,0,0,0,0,0,0,1,"Yingming Li, Ming Yang, Zenglin Xu, Zhongfei (Mark) Zhang",http://www.aaai.org/ocs/index.php/AAAI/AAAI16/paper/viewFile/11974/11730,,AAAI 16
298,Instance Specific Metric Subspace Learning: A Bayesian Approach,E,1,0,0,0,0,0,0,0,0,0,0,0,1,0,0,0,1,0,0,1,0,"Han-Jia Ye, De-Chuan Zhan, Yuan Jiang",http://www.aaai.org/ocs/index.php/AAAI/AAAI16/paper/viewFile/12175/11872,,AAAI 16
299,Goal Recognition Design with Non-Observable Actions,E,1,0,1,1,0,0,0,0,1,0,0,0,,,1,0,1,0,1,1,0,"Sarah Keren, Avigdor Gal, Erez Karpas",http://www.aaai.org/ocs/index.php/AAAI/AAAI16/paper/viewFile/12222/12074,,AAAI 16
300,The Complexity Landscape of Decompositional Parameters for ILP,T,1,0,0,0,0,0,0,0,1,,,,,,,,,,,,,"Robert Ganian, Sebastian Ordyniak",http://www.aaai.org/ocs/index.php/AAAI/AAAI16/paper/viewFile/12432/11655,,AAAI 16
301,Learning Relative Similarity by Stochastic Dual Coordinate Ascent,E,1,0,1,0,0,0,0,0,0,1,0,0,1,0,0,0,0,0,0,0,0,"Pengcheng Wu, Yi Ding, Peilin Zhao, Chunyan Miao, Steven C. H. Hoi",http://www.aaai.org/ocs/index.php/AAAI/AAAI14/paper/viewFile/8415/8822,,AAAI 14
302,Joint Morphological Generation and Syntactic Linearization,E,1,0,0,0,0,0,0,0,1,1,1,0,0,0,0,0,1,1,0,1,0,"Linfeng Song, Yue Zhang, Kai Song, Qun Liu",http://www.aaai.org/ocs/index.php/AAAI/AAAI14/paper/viewFile/8214/8603,,AAAI 14
303,Social Planning: Achieving Goals by Altering Others' Mental States,E,1,0,0,0,0,0,1,0,0,0,0,0,,,0,0,0,0,0,0,1,"Chris Pearce, Ben Meadows, Pat Langley, Mike Barley",http://www.aaai.org/ocs/index.php/AAAI/AAAI14/paper/viewFile/8660/8447,,AAAI 14
304,Improving Context and Category Matching for Entity Search,E,1,1,0,0,0,0,0,0,1,0,0,0,0,0,0,0,0,0,1,0,1,"Yueguo Chen, Lexi Gao, Shuming Shi, Xiaoyong Du, Ji-Rong Wen",http://www.aaai.org/ocs/index.php/AAAI/AAAI14/paper/viewFile/8227/8393,,AAAI 14
305,ARIA: Asymmetry Resistant Instance Alignment,E,1,0,1,1,0,0,0,0,1,1,0,0,1,0,0,0,1,0,1,0,1,"Sanghoon Lee, Seung-won Hwang",http://www.aaai.org/ocs/index.php/AAAI/AAAI14/paper/viewFile/8164/8404,,AAAI 14
306,Q-Intersection Algorithms for Constraint-Based Robust Parameter Estimation,E,1,0,1,0,0,0,0,0,0,1,1,0,,,0,0,0,1,1,0,0,"Clement Carbonnel, Gilles Trombettoni, Philippe Vismara, Gilles Chabert",http://www.aaai.org/ocs/index.php/AAAI/AAAI14/paper/viewFile/8290/8727,,AAAI 14
307,Supervised Scoring with Monotone Multidimensional Splines,T,1,2,1,0,0,0,0,0,0,,,,,,,,,,,,,Abraham Othman,http://www.aaai.org/ocs/index.php/AAAI/AAAI14/paper/viewPDFInterstitial/8220/8454,,AAAI 14
308,A Machine Learning Approach to Musically Meaningful Homogeneous Style Classification,E,1,0,0,1,0,0,0,0,0,0,0,0,1,0,0,0,0,0,1,0,0,"William Herlands, Ricky Der, Yoel Greenberg, Simon Levin",http://www.aaai.org/ocs/index.php/AAAI/AAAI14/paper/viewFile/8314/8431,,AAAI 14
309,Leveraging Decomposed Trust in Probabilistic Matrix Factorization for Effective Recommendation,E,1,0,0,0,0,0,0,0,1,0,0,0,1,1,0,0,0,0,0,1,1,"Hui Fang, Yang Bao, Jie Zhang",http://www.aaai.org/ocs/index.php/AAAI/AAAI14/paper/viewFile/8271/8395,,AAAI 14
310,Machine Translation with Real-Time Web Search,E,1,1,0,0,0,0,0,0,0,1,0,0,0,0,0,0,0,0,1,0,0,"Lei Cui, Ming Zhou, Qiming Chen, Dongdong Zhang, Mu Li",http://www.aaai.org/ocs/index.php/AAAI/AAAI14/paper/viewFile/8213/8394,,AAAI 14
311,Lifetime Lexical Variation in Social Media,E,1,0,0,0,0,0,0,0,1,0,0,0,0,0,0,0,0,0,0,0,1,"Lizi Liao, Jing Jiang, Ying Ding, Heyan Huang, Ee-Peng Lim",http://www.aaai.org/ocs/index.php/AAAI/AAAI14/paper/viewFile/8381/8621,,AAAI 14
312,Quality-Based Learning for Web Data Classification,E,1,0,0,0,1,0,0,0,0,1,0,0,0,0,0,0,0,0,1,1,0,"Ou Wu, Ruiguang Hu, Xue Mao, Weiming Hu",http://www.aaai.org/ocs/index.php/AAAI/AAAI14/paper/viewFile/8150/8420,,AAAI 14
313,A Reasoner for the RCC-5 and RCC-8 Calculi Extended with Constants,E,1,0,1,0,0,0,0,0,0,1,0,0,,,1,0,1,0,0,0,0,"Stella Giannakopoulou, Charalampos Nikolaou, Manolis Koubarakis",http://www.aaai.org/ocs/index.php/AAAI/AAAI14/paper/viewFile/8491/8731,,AAAI 14
314,Finding the k-best Equivalence Classes of Bayesian Network Structures for Model Averaging,E,1,0,0,0,0,0,0,0,0,1,1,1,,,1,0,0,0,0,1,0,"Yetian Chen, Jin Tian",http://www.aaai.org/ocs/index.php/AAAI/AAAI14/paper/viewFile/8405/8710,,AAAI 14
315,Deep Modeling of Group Preferences for Group-Based Recommendation,E,1,0,1,0,0,0,0,0,1,0,0,0,1,0,1,0,0,0,1,1,1,"Liang Hu, Jian Cao, Guandong Xu, Longbing Cao, Zhiping Gu, Wei Cao",http://www.aaai.org/ocs/index.php/AAAI/AAAI14/paper/viewFile/8458/8821,,AAAI 14
316,Sparse Learning for Stochastic Composite Optimization,E,1,0,0,0,0,0,0,0,0,1,0,0,1,0,1,0,0,0,1,1,1,"Weizhong Zhang, Lijun Zhang, Yao Hu, Rong Jin, Deng Cai, Xiaofei He",http://www.aaai.org/ocs/index.php/AAAI/AAAI14/paper/viewFile/8389/8516,,AAAI 14
317,On the Incompatibility of Efficiency and Strategyproofness in Randomized Social Choice,T,1,0,0,0,0,0,0,0,0,,,,,,,,,,,,,"Haris Aziz, Florian Brandl, Felix Brandt",http://www.aaai.org/ocs/index.php/AAAI/AAAI14/paper/viewFile/8534/8468,,AAAI 14
318,Two Case Studies for Trading Multiple Indivisible Goods with Indifferences,T,1,0,0,1,0,0,0,0,0,,,,,,,,,,,,,"Akihisa Sonoda, Etsushi Fujita, Taiki Todo, Makoto Yokoo",http://www.aaai.org/ocs/index.php/AAAI/AAAI14/paper/viewFile/8474/8502,,AAAI 14
319,On Dataless Hierarchical Text Classification,E,1,0,1,0,0,0,0,0,0,1,0,0,1,0,0,0,0,0,1,0,1,"Yangqiu Song, Dan Roth",http://www.aaai.org/ocs/index.php/AAAI/AAAI14/paper/viewFile/8588/8611,,AAAI 14
320,Discovering Better AAAI Keywords via Clustering with Community-Sourced Constraints,E,1,0,0,0,0,0,0,0,0,0,0,0,1,1,1,0,0,0,0,1,0,"Kelly H. Moran, Byron C. Wallace, Carla E. Brodley",http://www.aaai.org/ocs/index.php/AAAI/AAAI14/paper/viewFile/8536/8567,,AAAI 14
321,Intra-View and Inter-View Supervised Correlation Analysis for Multi-View Feature Learning,E,1,0,0,0,0,0,0,0,1,0,0,0,1,1,0,0,0,0,1,0,0,"Xiao-Yuan Jing, Rui-Min Hu, Yang-Ping Zhu, Shan-Shan Wu, Chao Liang, Jing-Yu Yang",http://www.aaai.org/ocs/index.php/AAAI/AAAI14/paper/viewFile/8354/8825,,AAAI 14
322,Large-Scale Analogical Reasoning,E,1,2,1,1,0,0,0,0,0,0,0,0,1,,1,1,0,0,0,0,1,"Vinay K. Chaudhri, Stijn J. Heymans, Adam Overholtzer, Aaron Spaulding, Michael Wessel",http://www.aaai.org/ocs/index.php/AAAI/AAAI14/paper/viewFile/8262/8442,,AAAI 14
323,Cross-View Feature Learning for Scalable Social Image Analysis,E,1,0,0,1,0,0,0,0,0,0,0,0,1,1,1,0,0,0,1,1,0,"Wenxuan Xie, Yuxin Peng, Jianguo Xiao",http://www.aaai.org/ocs/index.php/AAAI/AAAI14/paper/viewFile/8462/8421,,AAAI 14
324,Scalable Sparse Covariance Estimation via Self-Concordance,E,1,0,1,1,0,0,0,0,1,1,0,0,,,0,0,0,0,1,1,0,"Anastasios Kyrillidis, Rabeeh Karimi Mahabadi, Quoc Tran Dinh, Volkan Cevher",http://www.aaai.org/ocs/index.php/AAAI/AAAI14/paper/viewFile/8176/8834,,AAAI 14
325,Diagram Understanding in Geometry Questions,E,1,1,1,1,0,0,0,0,1,1,0,0,0,0,0,0,0,0,0,1,1,"Min Joon Seo, Hannaneh Hajishirzi, Ali Farhadi, Oren Etzioni",http://www.aaai.org/ocs/index.php/AAAI/AAAI14/paper/viewFile/8623/8637,,AAAI 14
326,Grounding Acoustic Echoes in Single View Geometry Estimation,E,1,0,0,1,0,0,0,0,1,1,0,0,,,0,0,0,0,1,0,0,"Muhammad Wajahat Hussain, Javier Civera, Luis Montano",http://www.aaai.org/ocs/index.php/AAAI/AAAI14/paper/viewFile/8465/8626,,AAAI 14
327,Distribution-Aware Sampling and Weighted Model Counting for SAT,E,1,0,0,0,0,0,0,0,1,1,0,0,,,0,0,1,0,1,0,0,"Supratik Chakraborty, Daniel J. Fremont, Kuldeep S. Meel, Sanjit A. Seshia, Moshe Y. Vardi",http://www.aaai.org/ocs/index.php/AAAI/AAAI14/paper/viewFile/8364/8801,,AAAI 14
328,"Parallel Materialisation of Datalog Programs in Centralised, Main-Memory RDF Systems",E,1,0,0,0,0,0,0,0,0,1,1,1,,,1,1,1,1,1,1,1,"Boris Motik, Yavor Nenov, Robert Piro, Ian Horrocks, Dan Olteanu",http://www.aaai.org/ocs/index.php/AAAI/AAAI14/paper/viewFile/8505/8410,,AAAI 14
329,Identifying Hierarchies for Fast Optimal Search,E,1,0,1,0,0,0,0,0,1,1,0,0,,,1,0,0,0,0,0,0,"Tansel Uras, Sven Koenig",http://www.aaai.org/ocs/index.php/AAAI/AAAI14/paper/viewFile/8497/8514,,AAAI 14
330,CoreCluster: A Degeneracy Based Graph Clustering Framework,E,1,0,1,0,0,0,0,0,1,1,0,0,,,0,0,0,0,1,1,0,"Christos Giatsidis, Fragkiskos Malliaros, Dimitrios Thilikos, Michalis Vazirgiannis",http://www.aaai.org/ocs/index.php/AAAI/AAAI14/paper/viewFile/8530/8397,,AAAI 14
331,Equilibria in Epidemic Containment Games,E,1,0,0,0,0,0,0,0,1,0,0,0,,,0,0,0,0,1,1,0,"Sudip Saha, Abhijin Adiga, Anil Kumar S. Vullikanti",http://www.aaai.org/ocs/index.php/AAAI/AAAI14/paper/viewFile/8478/8500,"Mentions extended technical paper, but link does not work.",AAAI 14
332,Uncorrelated Multi-View Discrimination Dictionary Learning for Recognition,E,1,0,0,0,0,0,0,0,1,1,0,0,0,0,0,0,0,0,0,1,0,"Xiao-Yuan Jing, Rui-Min Hu, Fei Wu, Xi-Lin Chen, Qian Liu, Yong-Fang",http://www.aaai.org/ocs/index.php/AAAI/AAAI14/paper/viewFile/8366/8630,,AAAI 14
333,Exploiting Competition Relationship for Robust Visual Recognition,E,1,0,1,1,0,0,0,0,0,1,1,1,0,0,0,0,0,0,1,1,1,"Liang Du, Haibin Ling",http://www.aaai.org/ocs/index.php/AAAI/AAAI14/paper/viewFile/8449/8624,Source code at http://www.dabi.temple.edu/~hbling/code/competing-task.htm,AAAI 14
334,Congestion Games for V2G-Enabled EV Charging,E,1,0,1,1,0,0,0,0,0,1,0,0,,,0,0,0,0,0,1,0,"Benny Lutati, Vadim Levit, Tal Grinshpoun, Amnon Meisels",http://www.aaai.org/ocs/index.php/AAAI/AAAI14/paper/viewFile/8246/8592,,AAAI 14
335,The Importance of Cognition and Affect for Artificially Intelligent Decision Makers,E,1,0,0,0,1,0,1,0,0,0,0,0,,,0,0,0,0,0,1,1,"Celso M. de Melo, Jonathan Gratch, Peter J. Carnevale",http://www.aaai.org/ocs/index.php/AAAI/AAAI14/paper/viewFile/8218/8439,,AAAI 14
336,Regret-Based Multi-Agent Coordination with Uncertain Task Rewards,E,1,0,1,1,0,0,0,0,1,1,0,0,,,0,0,1,1,0,0,0,"Feng Wu, Nicholas R. Jennings",http://www.aaai.org/ocs/index.php/AAAI/AAAI14/paper/viewFile/8251/8599,,AAAI 14
337,Labeling Complicated Objects: Multi-View Multi-Instance Multi-Label Learning,E,1,0,1,1,0,0,0,0,0,1,0,0,1,1,0,0,1,0,1,1,1,"Cam-Tu Nguyen, Xiaoliang Wang, Jing Liu, Zhi-Hua Zhou",http://www.aaai.org/ocs/index.php/AAAI/AAAI14/paper/viewFile/8394/8854,,AAAI 14
338,Kernelized Bayesian Transfer Learning,E,1,2,0,0,0,0,0,0,1,0,1,1,1,0,0,0,0,0,1,1,0,"Mehmet Gönen, Adam A. Margolin",http://www.aaai.org/ocs/index.php/AAAI/AAAI14/paper/viewFile/8132/8817,,AAAI 14
339,Novel Density-Based Clustering Algorithms for Uncertain Data,E,1,0,0,0,0,0,0,0,0,1,0,0,,,1,0,0,0,0,0,0,"Xianchao Zhang, Han Liu, Xiaotong Zhang, Xinyue Liu",http://www.aaai.org/ocs/index.php/AAAI/AAAI14/paper/viewFile/8185/8866,,AAAI 14
340,User Group Oriented Temporal Dynamics Exploration,E,1,0,1,0,0,0,0,0,1,0,0,0,0,0,0,0,0,0,1,0,1,"Zhiting Hu, Junjie Yao, Bin Cui",http://www.aaai.org/ocs/index.php/AAAI/AAAI14/paper/viewFile/8398/8400,,AAAI 14
341,HC-Search for Multi-Label Prediction: An Empirical Study,E,1,0,1,0,0,0,0,0,1,1,0,0,1,0,1,0,0,0,0,0,1,"Janardhan Rao Doppa, Jun Yu, Chao Ma, Alan Fern, Prasad Tadepalli",http://www.aaai.org/ocs/index.php/AAAI/AAAI14/paper/viewFile/8619/8812,,AAAI 14
342,Querying Inconsistent Description Logic Knowledge Bases under Preferred Repair Semantics,E,1,0,0,1,0,0,0,0,1,0,0,0,1,0,0,0,0,1,1,1,0,"Meghyn Bienvenu, Camille Bourgaux, François Goasdoué",http://www.aaai.org/ocs/index.php/AAAI/AAAI14/paper/viewFile/8231/8530,,AAAI 14
343,Designing Fast Absorbing Markov Chains,T,1,1,1,0,0,0,0,0,0,,,,,,,,,,,,,"Stefano Ermon, Carla Gomes, Ashish Sabharwal, Bart Selman",http://www.aaai.org/ocs/index.php/AAAI/AAAI14/paper/viewFile/8294/8510,,AAAI 14
344,Small-Variance Asymptotics for Dirichlet Process Mixtures of SVMs,E,1,0,1,0,0,0,0,0,0,1,0,0,1,0,0,0,0,0,0,0,0,"Yining Wang, Jun Zhu",http://www.aaai.org/ocs/index.php/AAAI/AAAI14/paper/viewFile/8173/8859,,AAAI 14
345,Pay-As-You-Go OWL Query Answering Using a Triple Store,E,1,0,0,0,0,0,0,0,1,0,0,0,0,0,0,0,1,0,0,1,0,"Yujiao Zhou, Yavor Nenov, Bernardo Cuenca Grau, Ian Horrocks",http://www.aaai.org/ocs/index.php/AAAI/AAAI14/paper/viewFile/8232/8550,References an additional technical report,AAAI 14
346,The Role of Dimensionality Reduction in Classification,E,1,0,0,1,0,0,0,0,1,0,0,0,0,0,0,0,0,0,0,0,0,"Weiran Wang, Miguel Angel Carreira-Perpinan",http://www.aaai.org/ocs/index.php/AAAI/AAAI14/paper/viewFile/8255/8811,,AAAI 14
347,Sequential Click Prediction for Sponsored Search with Recurrent Neural Networks,E,1,1,1,0,0,0,0,0,1,0,0,0,0,0,0,0,0,0,0,0,1,"Yuyu Zhang, Hanjun Dai, Chang Xu, Jun Feng, Taifeng Wang, Jiang Bian, Bin Wang, Tie-Yan Liu",http://www.aaai.org/ocs/index.php/AAAI/AAAI14/paper/viewFile/8529/8581,,AAAI 14
348,Locality Preserving Projection for Domain Adaptation with Multi-Objective Learning,E,1,0,1,0,0,1,0,0,1,1,0,0,1,0,1,0,0,0,1,0,0,"Le Shu, Tianyang Ma, Longin Jan Latecki",http://www.aaai.org/ocs/index.php/AAAI/AAAI14/paper/viewFile/8395/8853,,AAAI 14
349,Item Bidding for Combinatorial Public Projects,T,1,0,1,0,0,0,0,0,1,,,,,,,,,,,,,"Evangelos Markakis, Orestis Telelis",http://www.aaai.org/ocs/index.php/AAAI/AAAI14/paper/viewFile/8336/8496,,AAAI 14
350,Source Free Transfer Learning for Text Classification,E,1,1,1,0,0,0,0,0,0,1,0,0,1,0,0,0,0,0,0,0,0,"Zhongqi Lu, Yin Zhu, Sinno Jialin Pan, Evan Wei Xiang, Yujing Wang, Qiang Yang",http://www.aaai.org/ocs/index.php/AAAI/AAAI14/paper/viewFile/8361/8409,,AAAI 14
351,Joule Counting Correction for Electric Vehicles Using Artificial Neural Networks,E,1,0,0,1,0,0,0,0,0,0,0,0,0,0,0,0,0,0,0,0,0,Michael David Taylor,http://www.aaai.org/ocs/index.php/AAAI/AAAI14/paper/viewFile/8461/8434,,AAAI 14
352,Adding Local Exploration to Greedy Best-First Search in Satisficing Planning,E,1,0,1,0,0,0,0,0,1,1,0,0,,,1,0,1,1,0,1,0,"Fan Xie, Martin Müller, Robert Holte",http://www.aaai.org/ocs/index.php/AAAI/AAAI14/paper/viewFile/8469/8704,,AAAI 14
353,Fast Consistency Checking of Very Large Real-World RCC-8 Constraint Networks Using Graph Partitioning,E,1,0,1,0,0,0,0,0,1,1,0,0,,,0,0,1,0,0,0,0,"Charalampos Nikolaou, Manolis Koubarakis",http://www.aaai.org/ocs/index.php/AAAI/AAAI14/paper/viewFile/8234/8740,,AAAI 14
354,Learning Deep Representations for Graph Clustering,E,1,1,0,1,0,0,0,0,0,1,0,0,0,0,1,0,0,0,1,1,1,"Fei Tian, Bin Gao, Qing Cui, Enhong Chen, Tie-Yan Liu",http://www.aaai.org/ocs/index.php/AAAI/AAAI14/paper/viewFile/8527/8571,,AAAI 14
355,Incentivizing High-Quality Content from Heterogeneous Users: On the Existence of Nash Equilibrium,T,1,1,1,0,0,0,0,0,0,,,,,,,,,,,,,"Yingce Xia, Tao Qin, Nenghai Yu, Tie-Yan Liu",http://www.aaai.org/ocs/index.php/AAAI/AAAI14/paper/viewFile/8532/8506,,AAAI 14
356,A Hybrid Grammar-Based Approach for Learning and Recognizing Natural Hand Gestures,E,1,0,0,1,0,0,0,0,0,0,0,0,0,0,1,0,0,1,1,0,0,"Amir Sadeghipour, Stefan Kopp",http://www.aaai.org/ocs/index.php/AAAI/AAAI14/paper/viewFile/8632/8851,Released their dataset (3DIG) http://projects.ict.usc.edu/3dig/,AAAI 14
357,Locality-Constrained Low-Rank Coding for Image Classification,E,1,0,0,0,0,0,0,0,0,1,0,0,1,0,0,0,0,1,0,1,0,"Ziheng Jiang, Ping Guo, Lihong Peng",http://www.aaai.org/ocs/index.php/AAAI/AAAI14/paper/viewFile/8383/8629,,AAAI 14
358,Gradient Descent with Proximal Average for Nonconvex and Composite Regularization,E,1,0,1,0,0,0,0,0,0,0,0,0,1,0,0,0,0,0,0,1,0,"Wenliang Zhong, James T. Kwok",http://www.aaai.org/ocs/index.php/AAAI/AAAI14/paper/viewFile/8379/8868,,AAAI 14
359,Generating Content for Scenario-Based Serious-Games Using CrowdSourcing,E,1,0,0,0,0,0,0,0,1,1,0,0,0,0,0,0,0,0,0,1,0,"Sigal Sina, Avi Rosenfeld, Sarit Kraus",http://www.aaai.org/ocs/index.php/AAAI/AAAI14/paper/viewFile/8516/8465,,AAAI 14
360,Predicting Postoperative Atrial Fibrillation from Independent ECG Components,E,1,0,1,1,0,0,1,0,1,0,0,0,0,0,0,0,0,0,0,0,1,"Chih-Chun Chia, James Blum, Zahi Karam, Satinder Singh, Zeeshan Syed",http://www.aaai.org/ocs/index.php/AAAI/AAAI14/paper/viewFile/8592/8555,,AAAI 14
361,Privacy and Regression Model Preserved Learning,E,1,1,0,0,0,0,0,0,0,0,0,0,0,0,0,0,0,0,1,1,1,"Jinfeng Yi, Jun Wang, Rong Jin",http://www.aaai.org/ocs/index.php/AAAI/AAAI14/paper/viewFile/8658/8578,,AAAI 14
362,Recommendation by Mining Multiple User Behaviors with Group Sparsity,E,1,0,1,1,0,0,0,0,0,1,0,0,0,0,0,0,0,0,1,1,1,"Ting Yuan, Jian Cheng, Xi Zhang, Shuang Qiu, Hanqing Lu",http://www.aaai.org/ocs/index.php/AAAI/AAAI14/paper/viewFile/8267/8424,,AAAI 14
363,Identifying Differences in Physician Communication Styles with a Log-Linear Transition Component Model,E,1,0,0,0,0,0,0,0,1,0,0,0,0,0,0,0,0,0,0,1,0,"Byron C Wallace, Issa J Dahabreh, Thomas A Trikalinos, Michael Barton Laws, Ira Wilson, Eugene Charniak",http://www.aaai.org/ocs/index.php/AAAI/AAAI14/paper/viewFile/8359/8574,,AAAI 14
364,Exploring the Boundaries of Decidable Verification of Non-Terminating Golog Programs,T,0,0,0,0,0,0,0,0,0,,,,,,,,,,,,,"Jens Classen, Martin Liebenberg, Gerhard Lakemeyer, Benjamin Zarriess",http://www.aaai.org/ocs/index.php/AAAI/AAAI14/paper/viewFile/8625/8532,,AAAI 14
365,Tractability through Exchangeability: A New Perspective on Efficient Probabilistic Inference,T,1,0,0,0,0,0,0,0,1,,,,,,,,,,,,,"Mathias Niepert, Guy Van den Broeck",http://www.aaai.org/ocs/index.php/AAAI/AAAI14/paper/viewFile/8615/8715,,AAAI 14
366,Worst-Case Solution Quality Analysis When Not Re-Expanding Nodes in Best-First Search,T,1,0,0,1,0,0,0,0,0,,,,,,,,,,,,,"Richard Anthony Valenzano, Nathan R. Sturtevant, Jonathan Schaeffer",http://www.aaai.org/ocs/index.php/AAAI/AAAI14/paper/viewFile/8637/8515,,AAAI 14
367,A Framework for Task Planning in Heterogeneous Multi Robot Systems Based on Robot Capabilities,E,1,0,0,0,0,0,0,0,0,1,0,0,,,0,0,0,0,0,0,0,"Jennifer Buehler, Maurice Pagnucco",http://www.aaai.org/ocs/index.php/AAAI/AAAI14/paper/viewFile/8476/8645,,AAAI 14
368,PREGO: An Action Language for Belief-Based Cognitive Robotics in Continuous Domains,E,1,0,0,0,0,0,0,0,0,0,0,0,,,0,0,1,1,0,0,0,"Vaishak Belle, Hector Levesque",http://www.aaai.org/ocs/index.php/AAAI/AAAI14/paper/viewFile/8453/8529,,AAAI 14
369,Generalized Higher-Order Tensor Decomposition via Parallel ADMM,E,1,0,1,1,0,0,0,0,0,1,0,0,,,0,0,1,0,1,1,0,"Fanhua Shang, Yuanyuan Liu, James Cheng",http://www.aaai.org/ocs/index.php/AAAI/AAAI14/paper/viewFile/8493/8569,,AAAI 14
370,Give a Hard Problem to a Diverse Team: Exploring Large Action Spaces,E,1,0,0,0,0,0,0,0,0,0,0,0,,,0,0,1,1,1,1,0,"Leandro Soriano Marcolino, Haifeng Xu, Albert Xin Jiang, Milind Tambe, Emma Bowring",http://www.aaai.org/ocs/index.php/AAAI/AAAI14/paper/viewFile/8257/8598,Points to an extended paper.,AAAI 14
371,Beat the Cheater: Computing Game-Theoretic Strategies for When to Kick a Gambler out of a Casino,E,0,0,0,1,0,0,0,0,0,0,0,0,,,0,0,0,0,0,1,0,"Troels Bjerre Sørensen, Melissa Dalis, Joshua Letchford, Dmytro Korzhyk, Vincent Conitzer",http://www.aaai.org/ocs/index.php/AAAI/AAAI14/paper/viewFile/8488/8503,,AAAI 14
372,Learning the Structure of Probabilistic Graphical Models with an Extended Cascading Indian Buffet Process,E,1,0,0,0,0,0,0,0,0,0,0,0,1,0,0,0,0,0,1,1,0,"Patrick Dallaire, Philippe Giguère, Brahim Chaib-draa",http://www.aaai.org/ocs/index.php/AAAI/AAAI14/paper/viewFile/8319/8808,,AAAI 14
373,Agent Behavior Prediction and Its Generalization Analysis,T,1,1,1,0,0,0,0,0,0,,,,,,,,,,,,,"Fei Tian, Haifang Li, Wei Chen, Tao Qin, Enhong Chen, Tie-Yan Liu",http://www.aaai.org/ocs/index.php/AAAI/AAAI14/paper/viewFile/8519/8572,,AAAI 14
374,Low-Rank Tensor Completion with Spatio-Temporal Consistency,E,1,0,0,0,0,0,0,0,0,1,0,0,,,0,0,0,0,0,1,1,"Hua Wang, Feiping Nie, Heng Huang",http://www.aaai.org/ocs/index.php/AAAI/AAAI14/paper/viewFile/8580/8639,,AAAI 14
375,A Relevance-Based Compilation Method for Conformant Probabilistic Planning,E,1,0,1,0,0,0,0,0,0,1,0,0,,,0,0,0,0,0,0,0,"Ran Taig, Ronen I. Brafman",http://www.aaai.org/ocs/index.php/AAAI/AAAI14/paper/viewFile/8503/8702,,AAAI 14
376,Structured Possibilistic Planning Using Decision Diagrams,E,1,0,0,0,0,1,0,0,1,1,0,0,,,1,0,0,0,1,0,0,"Nicolas Drougard, Florent Teichteil-Königsbuch, Jean-Loup Farges, Didier Dubois",http://www.aaai.org/ocs/index.php/AAAI/AAAI14/paper/viewFile/8553/8686,,AAAI 14
377,Internally Stable Matchings and Exchanges,E,1,0,0,0,0,0,0,0,1,1,0,0,,,0,0,0,0,0,0,0,"Yicheng Liu, Pingzhong Tang, Wenyi Fang",http://www.aaai.org/ocs/index.php/AAAI/AAAI14/paper/viewFile/8318/8591,,AAAI 14
378,On the Structure of Synergies in Cooperative Games,E,1,0,0,0,0,1,0,0,0,0,0,0,0,0,1,0,0,1,1,1,0,"Ariel D. Procaccia, Nisarg Shah, Max Lee Tucker",http://www.aaai.org/ocs/index.php/AAAI/AAAI14/paper/viewFile/8412/8498,,AAAI 14
379,Pathway Specification and Comparative Queries: A High Level Language with Petri Net Semantics,T,1,0,0,0,0,0,0,0,1,,,,,,,,,,,,,"Saadat Anwar, Chitta Baral",http://www.aaai.org/ocs/index.php/AAAI/AAAI14/paper/viewFile/8460/8527,,AAAI 14
380,Capturing Difficulty Expressions in Student Online Q&A Discussions,T,0,1,0,0,0,0,0,0,0,,,,,,,,,,,,,"Jaebong Yoo, Jihie Kim",http://www.aaai.org/ocs/index.php/AAAI/AAAI14/paper/viewFile/8331/8422,,AAAI 14
381,A Strategy-Aware Technique for Learning Behaviors from Discrete Human Feedback,E,1,0,0,0,0,0,1,0,0,1,0,0,,,0,0,0,0,1,1,0,"Robert Tyler Loftin, James MacGlashan, Bei Peng, Matthew E. Taylor, Michael L. Littman, Jeff Huang, David L. Roberts",http://www.aaai.org/ocs/index.php/AAAI/AAAI14/paper/viewFile/8579/8522,,AAAI 14
382,A Joint Optimization Model for Image Summarization Based on Image Content and Tags,E,1,0,1,1,0,0,0,0,1,1,0,0,,,0,0,0,0,1,1,0,"Hongliang Yu, Zhi-Hong Deng, Yunlun Yang, Tao Xiong",http://www.aaai.org/ocs/index.php/AAAI/AAAI14/paper/viewFile/8140/8423,,AAAI 14
383,Voting with Rank Dependent Scoring Rules,T,1,0,0,0,0,0,0,0,0,,,,,,,,,,,,,"Judy Goldsmith, Jérôme Lang, Nicholas Mattei, Patrice Perny",http://www.aaai.org/ocs/index.php/AAAI/AAAI14/paper/viewFile/8549/8489,,AAAI 14
384,Online Social Spammer Detection,E,1,0,1,1,0,1,0,0,1,1,0,0,0,0,0,0,0,0,1,1,1,"Xia Hu, Jiliang Tang, Huan Liu",http://www.aaai.org/ocs/index.php/AAAI/AAAI14/paper/viewFile/8467/8399,,AAAI 14
385,Spectral Thompson Sampling,E,0,1,0,0,0,0,0,0,1,1,0,0,,,0,0,0,0,1,1,0,"Tomáš Kocák, Michal Valko, Rémi Munos, Shipra Agrawal",http://www.aaai.org/ocs/index.php/AAAI/AAAI14/paper/viewFile/8514/8829,,AAAI 14
386,Exact Subspace Clustering in Linear Time,E,0,0,1,0,0,0,0,0,1,1,0,0,,,0,0,1,0,0,1,0,"Shusen Wang, Bojun Tu, Congfu Xu, Zhihua Zhang",http://www.aaai.org/ocs/index.php/AAAI/AAAI14/paper/viewFile/8188/8857,,AAAI 14
387,Maximum Satisfiability Using Core-Guided MaxSAT Resolution,E,1,0,1,0,0,0,0,0,1,1,0,0,,,1,0,1,0,0,0,0,"Nina Narodytska, Fahiem Bacchus",http://www.aaai.org/ocs/index.php/AAAI/AAAI14/paper/viewFile/8513/8739,,AAAI 14
388,Game-Theoretic Resource Allocation for Protecting Large Public Events,E,1,0,0,0,0,0,0,0,1,1,0,0,,,0,0,0,1,1,1,0,"Yue Yin, Bo An, Manish Jain",http://www.aaai.org/ocs/index.php/AAAI/AAAI14/paper/viewFile/8182/8507,,AAAI 14
389,Globally and Locally Consistent Unsupervised Projection,E,1,0,0,1,0,0,0,0,1,1,0,0,1,0,0,0,0,0,0,0,0,"Hua Wang, Feiping Nie, Heng Huang",http://www.aaai.org/ocs/index.php/AAAI/AAAI14/paper/viewFile/8523/8576,,AAAI 14
390,Learning Word Representation Considering Proximity and Ambiguity,E,1,1,0,0,0,0,0,0,0,0,0,0,0,0,1,0,0,0,0,0,0,"Lin Qiu, Yong Cao, Zaiqing Nie, Yong Yu, Yong Rui",http://www.aaai.org/ocs/index.php/AAAI/AAAI14/paper/viewFile/8521/8610,,AAAI 14
391,Approximate Lifting Techniques for Belief Propagation,E,1,0,1,0,0,0,0,0,0,1,0,0,1,0,0,0,0,0,0,1,1,"Parag Singla, Aniruddh Nath, Pedro M. Domingos",http://www.aaai.org/ocs/index.php/AAAI/AAAI14/paper/viewFile/8490/8719,Links to supplemental material.,AAAI 14
392,TopicMF: Simultaneously Exploiting Ratings and Reviews for Recommendation,E,1,0,1,0,0,0,0,0,0,0,0,0,1,0,1,0,0,0,0,1,1,"Yang Bao, Hui Fang, Jie Zhang",http://www.aaai.org/ocs/index.php/AAAI/AAAI14/paper/viewFile/8273/8391,,AAAI 14
393,Modeling and Predicting Popularity Dynamics via Reinforced Poisson Processes,E,1,1,0,0,0,0,0,0,0,0,0,0,1,0,1,0,0,0,0,1,1,"Huawei Shen, Dashun Wang, Chaoming Song, Albert-László Barabási",http://www.aaai.org/ocs/index.php/AAAI/AAAI14/paper/viewFile/8370/8433,,AAAI 14
394,Spatio-Temporal Consistency as a Means to Identify Unlabeled Objects in a Continuous Data Field,E,1,0,0,1,0,0,0,0,0,0,1,0,,,1,0,0,0,0,0,0,"James Faghmous, Hung Nguyen, Matthew Le, Vipin Kumar",http://www.aaai.org/ocs/index.php/AAAI/AAAI14/paper/viewFile/8659/8449,,AAAI 14
395,Echo-State Conditional Restricted Boltzmann Machines,E,1,0,0,0,0,0,0,0,0,1,0,0,0,0,0,0,0,0,1,1,0,Sotirios Chatzis,http://www.aaai.org/ocs/index.php/AAAI/AAAI14/paper/viewFile/8134/8803,,AAAI 14
396,Scheduling for Transfers in Pickup and Delivery Problems with Very Large Neighborhood Search,E,1,0,1,1,0,0,0,0,0,1,0,0,,,1,0,0,0,1,1,0,"Brian Coltin, Manuela Veloso",http://www.aaai.org/ocs/index.php/AAAI/AAAI14/paper/viewFile/8392/8685,,AAAI 14
397,DJAO: A Communication-Constrained DCOP Algorithm that Combines Features of ADOPT and Action-GDL,E,1,0,1,0,0,0,0,0,0,1,0,0,,,0,0,0,0,0,1,0,"Yoonheui Kim, Victor Lesser",http://www.aaai.org/ocs/index.php/AAAI/AAAI14/paper/viewFile/8633/8734,,AAAI 14
398,A Characterization of the Single-Peaked Single-Crossing Domain,T,1,0,0,1,0,0,0,0,0,,,,,,,,,,,,,"Edith Elkind, Piotr Faliszewski, Piotr Skowron",http://www.aaai.org/ocs/index.php/AAAI/AAAI14/paper/viewFile/8496/8483,,AAAI 14
399,Fixing a Balanced Knockout Tournament,T,1,0,1,1,0,0,0,0,1,,,,,,,,,,,,,"Haris Aziz, Serge Gaspers, Simon Mackenzie, Nicholas Mattei, Paul Stursberg, Toby Walsh",http://www.aaai.org/ocs/index.php/AAAI/AAAI14/paper/viewFile/8352/8469,,AAAI 14
400,"An Experimentally Efficient Method for (MSS, CoMSS) Partitioning",E,1,0,0,0,0,0,0,0,0,1,0,0,,,1,0,1,0,1,1,0,"Eric Grégoire, Jean-Marie Lagniez, Bertrand Mazure",http://www.aaai.org/ocs/index.php/AAAI/AAAI14/paper/viewFile/8324/8732,,AAAI 14
